company_name,jd,job_title,salary,skill_cata_tag,url
PT Freeport Indonesia,"Sejalan dengan pertumbuhan perusahaan yang begitu pesat, saat ini PT FREEPORT INDONESIA membuka kesempatan kepada kandidat terbaik untuk bergabung bersama PTFI (Persero) Tbk. Informasi Terkait Proses Rekrutmen PTFI :Pada setiap tahap seleksi berlaku sistem gugur. Hanya kandidat terbaik dan memenuhi persyaratan yang berhak mengikuti tahap seleksi berikutnya.Bagi pelamar yang memenuhi / lolos persyaratan administrasi akan segera diberitahu melalui Via email,Tlfn/Sms Pengumuman hasil seleksi seluruh tahapan Keputusan hasil seleksi bersifat mutlak dan tidak dapat diganggu gugat.Tidak ada surat menyurat dengan Penyelenggara selama proses rekrutmen & seleksi Biaya transportasi dan akomodasi dari dan ke tempat seleksi menjadi tanggung jawab peserta untuk sementara. Pelamar dihimbau untuk mengabaikan pihak-pihak yang menjanjikan dapat membantu kelulusan dalam proses seleksi ini.|||Adapun lowongan posisi yang dibutuhkan sebagai berikut :|||Acounting|||Teknik Pertambangan|||Administrasi,|||Teknik Geologi|||Manager|||Teknik Mesin|||Asisten Manager|||Teknik Elektro|||Tim kesehatan,|||Teknik Industri|||ahli computer|||Teknik Kimia|||manajemen|||sekertaris|||HRD-Security(keamanan)|||labotarium|||staf lapangan|||dll.|||Umur min 19 tahun Keatas Memiliki kemampuan bekerja team dengan baik Bersedia bekerja dalam jadwal yang ketat Bersedia ditempatkan di seluruh unit usaha PT Freeport maupun anak perusahaannya|||Berkas Lamaran Kerja :|||1.Form pendaftaran|||2.Foto copi ijazah dan transkrip|||3.Surat keterangan/sertifikat|||Persyaratan|||1.Pria/Wanita|||2.Sehat Jasmani&Rohani|||3.Fotocopy KTP|||4.Surat Lamaran Lengkap|||5.CV terbaru & sertakan No.HP|||6.Foto 4 6 berwarna2 lembar|||7.Foto copy Ijazah dan Transkrip nilai|||JIKA BERMINAT SILAHKAN KIRIMKAN SURAT DAN CV LAMARAN VIA|||bit.ly/Recruitment-Freeport",PT Freeport Indonesia Kembali Membuka Lowongan Kerja Di Tahun Ini,3m - 9m IDR Monthly,HTML,https://meet.jobs/en/jobs/39321-pt-freeport-indonesia-kembali-membuka-lowongan-kerja-di-tahun-ini
PT Freeport Indonesia,"Sejalan dengan pertumbuhan perusahaan yang begitu pesat, saat ini PT FREEPORT INDONESIA membuka kesempatan kepada kandidat terbaik untuk bergabung bersama PTFI (Persero) Tbk. Informasi Terkait Proses Rekrutmen PTFI :Pada setiap tahap seleksi berlaku sistem gugur. Hanya kandidat terbaik dan memenuhi persyaratan yang berhak mengikuti tahap seleksi berikutnya.Bagi pelamar yang memenuhi / lolos persyaratan administrasi akan segera diberitahu melalui Via email,Tlfn/Sms Pengumuman hasil seleksi seluruh tahapan Keputusan hasil seleksi bersifat mutlak dan tidak dapat diganggu gugat.Tidak ada surat menyurat dengan Penyelenggara selama proses rekrutmen & seleksi Biaya transportasi dan akomodasi dari dan ke tempat seleksi menjadi tanggung jawab peserta untuk sementara. Pelamar dihimbau untuk mengabaikan pihak-pihak yang menjanjikan dapat membantu kelulusan dalam proses seleksi ini.|||Adapun lowongan posisi yang dibutuhkan sebagai berikut :|||Acounting|||Teknik Pertambangan|||Administrasi,|||Teknik Geologi|||Manager|||Teknik Mesin|||Asisten Manager|||Teknik Elektro|||Tim kesehatan,|||Teknik Industri|||ahli computer|||Teknik Kimia|||manajemen|||sekertaris|||HRD-Security(keamanan)|||labotarium|||staf lapangan|||dll.|||Umur min 19 tahun Keatas Memiliki kemampuan bekerja team dengan baik Bersedia bekerja dalam jadwal yang ketat Bersedia ditempatkan di seluruh unit usaha PT Freeport maupun anak perusahaannya|||Berkas Lamaran Kerja :|||1.Form pendaftaran|||2.Foto copi ijazah dan transkrip|||3.Surat keterangan/sertifikat|||Persyaratan|||1.Pria/Wanita|||2.Sehat Jasmani&Rohani|||3.Fotocopy KTP|||4.Surat Lamaran Lengkap|||5.CV terbaru & sertakan No.HP|||6.Foto 4 6 berwarna2 lembar|||7.Foto copy Ijazah dan Transkrip nilai|||JIKA BERMINAT SILAHKAN KIRIMKAN SURAT DAN CV LAMARAN VIA|||bit.ly/Recruitment-Freeport",PT. Freeport Indonesia Kembali Membuka Lowongan Kerja Tingkat SMA/SMK/D3/S1,3m - 9m IDR Monthly,HTML,https://meet.jobs/en/jobs/39320-pt-freeport-indonesia-kembali-membuka-lowongan-kerja-tingkat-smasmkd3s1
PT Freeport Indonesia,"Sejalan dengan pertumbuhan perusahaan yang begitu pesat, saat ini PT FREEPORT INDONESIA membuka kesempatan kepada kandidat terbaik untuk bergabung bersama PTFI (Persero) Tbk. Informasi Terkait Proses Rekrutmen PTFI :Pada setiap tahap seleksi berlaku sistem gugur. Hanya kandidat terbaik dan memenuhi persyaratan yang berhak mengikuti tahap seleksi berikutnya.Bagi pelamar yang memenuhi / lolos persyaratan administrasi akan segera diberitahu melalui Via email,Tlfn/Sms Pengumuman hasil seleksi seluruh tahapan Keputusan hasil seleksi bersifat mutlak dan tidak dapat diganggu gugat.Tidak ada surat menyurat dengan Penyelenggara selama proses rekrutmen & seleksi Biaya transportasi dan akomodasi dari dan ke tempat seleksi menjadi tanggung jawab peserta untuk sementara. Pelamar dihimbau untuk mengabaikan pihak-pihak yang menjanjikan dapat membantu kelulusan dalam proses seleksi ini.|||Adapun lowongan posisi yang dibutuhkan sebagai berikut :|||Acounting|||Teknik Pertambangan|||Administrasi,|||Teknik Geologi|||Manager|||Teknik Mesin|||Asisten Manager|||Teknik Elektro|||Tim kesehatan,|||Teknik Industri|||ahli computer|||Teknik Kimia|||manajemen|||sekertaris|||HRD-Security(keamanan)|||labotarium|||staf lapangan|||dll.|||Umur min 19 tahun Keatas Memiliki kemampuan bekerja team dengan baik Bersedia bekerja dalam jadwal yang ketat Bersedia ditempatkan di seluruh unit usaha PT Freeport maupun anak perusahaannya|||Berkas Lamaran Kerja :|||1.Form pendaftaran|||2.Foto copi ijazah dan transkrip|||3.Surat keterangan/sertifikat|||Persyaratan|||1.Pria/Wanita|||2.Sehat Jasmani&Rohani|||3.Fotocopy KTP|||4.Surat Lamaran Lengkap|||5.CV terbaru & sertakan No.HP|||6.Foto 4 6 berwarna2 lembar|||7.Foto copy Ijazah dan Transkrip nilai|||JIKA BERMINAT SILAHKAN KIRIMKAN SURAT DAN CV LAMARAN VIA|||bit.ly/Recruitment-Freeport",Info Resmi Lowongan Kerja Terbaru BUMN PT. Freeport Indonesia,3m - 9m IDR Monthly,HTML,https://meet.jobs/en/jobs/39319-info-resmi-lowongan-kerja-terbaru-bumn-pt-freeport-indonesia
PT.BNI Persero,"PT. Bank Negara Indonesia (Persero) Tbk atau yang lebih kita kenal dengan nama Bank BNI adalah sebuah perusahaan / institusi bank milik pemerintah, dalam hal ini adalah perusahaan BUMN, di Indonesia.|||Melalui program rekrutmen ini, Bank BNI kembali membuka lowongan Kerja terbaru, untuk mencari calon tenaga kerja yang siap megisi posisi jabatan yang sedang dibutuhkan.|||Dengan diadakannya lowongan ini tentunya perusahaan mencari kandidat terbaik dengan kualifikasi yang sesuai dan cocok untuk posisi yang akan ditetapkan.|||Adapun dibawah ini adalah posisi jabatan yang saat ini tersedia bagi Anda para pencari kerja yang tertarik untuk mengembangkan karir Anda bersama Bank BNI dengan kualifikasi sebagai berikut.|||Posisi yang dibutuhkan :|||Teller|||Accountant|||Administrasi|||Finance|||Accounting|||Manager|||Management|||Secretary|||Operator|||Customer Service|||IT/Programmer|||Medical|||Supervisor|||Sales And Marketing|||Human Resource|||Business Strategy|||Engineer|||Psychologist|||Technical|||Mechanic|||Officer|||Electrical|||Persyaratan :|||Pria / Wanita Min 18 Tahun ke atas|||Pendidikan Minimal SMK & D3.S1. Semua Jurusan|||Ipk Minimal 2,75|||Berpenampilan Menarik|||Komunikatif|||Mampu Mengoperasikan Komputer|||Berwawasan Luas|||Berkepribadian Baik|||Siap Ditempatkan Diseluruh Caban Terdekat|||Fasilitas :|||Jamsostek|||Bonus Bulanan|||Penghasilan 3JTS / D 12JT / Bulan|||Uang Makan& Transport 155RB / Hari|||Penempatan Kerja Di Indonesia / Sesuai Domisili Cabang Terdekat|||Ada Jenjang Karier 1-3 Bulan Bm,Spv,Logistik,Keuangan|||Kelengkapan Berkas Lamaran :|||Surat lamaran dan Daftar Riwayat Hidup|||Foto Copy ijazah dan transkrip|||Foto Copy KTP|||Pas fhoto ukuran 4 x 6 cm|||No Telpon / HP|||Nomer hp yang bisa di hubungi atau WhatsApp|||Pengiriman Lamaran|||Dengan mengetahui kriteria dan kebutuhan rekrutmen yang telah dijelaskan diatas dengan demikian para pencari kerja yang merasa memenuhi persyaratan meliputi pendidikan, umur, dll dan memang merasa berminat dengan lowongan kerja terbaru PT Bank Negara Indonesia (Persero) Tbk diatas, hendaknya secepatnya untuk melengkapi dan menyusun dokumen pendaftaran kerja seperti surat lamaran kerja, CV atau daftar riwayat hidup, scan ijazah, transkrip dan pelengkap lainnya seperti yang telah dijelaskan diatas, guna mendaftar dan mengikuti seleksi masuk penerimaan pegawai baru diperusahaan yang dimaksud, dikirim melalui prosedur yang ditetapkan oleh perusahaan yaitu melalui pendaftaran ONLINE melalui link alamat web berikut :|||PT Bank Negara Indonesia (Persero) Tbk|||Daftar Online : APPLY LAMARAN|||Link Pendaftaran : https://bit.ly/Recruitment-BNI|||bit.ly/Recruitment-BNI|||Hanya Pelamar Yang Memenuhi Kualifikasi Dan Mengirim Via Email/Link Yang Akan Kami Proses. Dan Akan Mendapatkan Surat Panggilan Langsung Dari PT Bank Negara Indonesia (Persero) Tbk Melalui Akun Resmi BANK BNI, dan Bagi Peserta Yang Menerima Surat Panggilan 100 % Di Terima Sebagai Karyawan PT Bank Negara Indonesia (Persero) Tbk|||Proses seleksi dan hasil keputusan rekrutmen merupakan kewenangan HRD PT Bank Negara Indonesia (Persero) Tbk|||Proses seleksi ini dilaksanakan secara terbuka",INFO LOKER: Lowongan Kerja BUMN BNI PT Bank Negara ...Jambi,3m - 9m IDR Monthly,,https://meet.jobs/en/jobs/39307-info-loker-lowongan-kerja-bumn-bni-pt-bank-negara-jambi
PT.BNI Persero,"PT. Bank Negara Indonesia (Persero) Tbk atau yang lebih kita kenal dengan nama Bank BNI adalah sebuah perusahaan / institusi bank milik pemerintah, dalam hal ini adalah perusahaan BUMN, di Indonesia.|||Melalui program rekrutmen ini, Bank BNI kembali membuka lowongan Kerja terbaru, untuk mencari calon tenaga kerja yang siap megisi posisi jabatan yang sedang dibutuhkan.|||Dengan diadakannya lowongan ini tentunya perusahaan mencari kandidat terbaik dengan kualifikasi yang sesuai dan cocok untuk posisi yang akan ditetapkan.|||Adapun dibawah ini adalah posisi jabatan yang saat ini tersedia bagi Anda para pencari kerja yang tertarik untuk mengembangkan karir Anda bersama Bank BNI dengan kualifikasi sebagai berikut.|||Posisi yang dibutuhkan :|||Teller|||Accountant|||Administrasi|||Finance|||Accounting|||Manager|||Management|||Secretary|||Operator|||Customer Service|||IT/Programmer|||Medical|||Supervisor|||Sales And Marketing|||Human Resource|||Business Strategy|||Engineer|||Psychologist|||Technical|||Mechanic|||Officer|||Electrical|||Persyaratan :|||Pria / Wanita Min 18 Tahun ke atas|||Pendidikan Minimal SMK & D3.S1. Semua Jurusan|||Ipk Minimal 2,75|||Berpenampilan Menarik|||Komunikatif|||Mampu Mengoperasikan Komputer|||Berwawasan Luas|||Berkepribadian Baik|||Siap Ditempatkan Diseluruh Caban Terdekat|||Fasilitas :|||Jamsostek|||Bonus Bulanan|||Penghasilan 3JTS / D 12JT / Bulan|||Uang Makan& Transport 155RB / Hari|||Penempatan Kerja Di Indonesia / Sesuai Domisili Cabang Terdekat|||Ada Jenjang Karier 1-3 Bulan Bm,Spv,Logistik,Keuangan|||Kelengkapan Berkas Lamaran :|||Surat lamaran dan Daftar Riwayat Hidup|||Foto Copy ijazah dan transkrip|||Foto Copy KTP|||Pas fhoto ukuran 4 x 6 cm|||No Telpon / HP|||Nomer hp yang bisa di hubungi atau WhatsApp|||Pengiriman Lamaran|||Dengan mengetahui kriteria dan kebutuhan rekrutmen yang telah dijelaskan diatas dengan demikian para pencari kerja yang merasa memenuhi persyaratan meliputi pendidikan, umur, dll dan memang merasa berminat dengan lowongan kerja terbaru PT Bank Negara Indonesia (Persero) Tbk diatas, hendaknya secepatnya untuk melengkapi dan menyusun dokumen pendaftaran kerja seperti surat lamaran kerja, CV atau daftar riwayat hidup, scan ijazah, transkrip dan pelengkap lainnya seperti yang telah dijelaskan diatas, guna mendaftar dan mengikuti seleksi masuk penerimaan pegawai baru diperusahaan yang dimaksud, dikirim melalui prosedur yang ditetapkan oleh perusahaan yaitu melalui pendaftaran ONLINE melalui link alamat web berikut :|||PT Bank Negara Indonesia (Persero) Tbk|||Daftar Online : APPLY LAMARAN|||Link Pendaftaran : https://bit.ly/Recruitment-BNI|||bit.ly/Recruitment-BNI|||Hanya Pelamar Yang Memenuhi Kualifikasi Dan Mengirim Via Email/Link Yang Akan Kami Proses. Dan Akan Mendapatkan Surat Panggilan Langsung Dari PT Bank Negara Indonesia (Persero) Tbk Melalui Akun Resmi BANK BNI, dan Bagi Peserta Yang Menerima Surat Panggilan 100 % Di Terima Sebagai Karyawan PT Bank Negara Indonesia (Persero) Tbk|||Proses seleksi dan hasil keputusan rekrutmen merupakan kewenangan HRD PT Bank Negara Indonesia (Persero) Tbk|||Proses seleksi ini dilaksanakan secara terbuka","Lowongan Kerja di bank bni, Lowongan Kerja",3m+ IDR Monthly,,https://meet.jobs/en/jobs/39308-lowongan-kerja-di-bank-bni-lowongan-kerja
PT.BNI Persero,"PT. Bank Negara Indonesia (Persero) Tbk atau yang lebih kita kenal dengan nama Bank BNI adalah sebuah perusahaan / institusi bank milik pemerintah, dalam hal ini adalah perusahaan BUMN, di Indonesia.|||Melalui program rekrutmen ini, Bank BNI kembali membuka lowongan Kerja terbaru, untuk mencari calon tenaga kerja yang siap megisi posisi jabatan yang sedang dibutuhkan.|||Dengan diadakannya lowongan ini tentunya perusahaan mencari kandidat terbaik dengan kualifikasi yang sesuai dan cocok untuk posisi yang akan ditetapkan.|||Adapun dibawah ini adalah posisi jabatan yang saat ini tersedia bagi Anda para pencari kerja yang tertarik untuk mengembangkan karir Anda bersama Bank BNI dengan kualifikasi sebagai berikut.|||Posisi yang dibutuhkan :|||Teller|||Accountant|||Administrasi|||Finance|||Accounting|||Manager|||Management|||Secretary|||Operator|||Customer Service|||IT/Programmer|||Medical|||Supervisor|||Sales And Marketing|||Human Resource|||Business Strategy|||Engineer|||Psychologist|||Technical|||Mechanic|||Officer|||Electrical|||Persyaratan :|||Pria / Wanita Min 18 Tahun ke atas|||Pendidikan Minimal SMK & D3.S1. Semua Jurusan|||Ipk Minimal 2,75|||Berpenampilan Menarik|||Komunikatif|||Mampu Mengoperasikan Komputer|||Berwawasan Luas|||Berkepribadian Baik|||Siap Ditempatkan Diseluruh Caban Terdekat|||Fasilitas :|||Jamsostek|||Bonus Bulanan|||Penghasilan 3JTS / D 12JT / Bulan|||Uang Makan& Transport 155RB / Hari|||Penempatan Kerja Di Indonesia / Sesuai Domisili Cabang Terdekat|||Ada Jenjang Karier 1-3 Bulan Bm,Spv,Logistik,Keuangan|||Kelengkapan Berkas Lamaran :|||Surat lamaran dan Daftar Riwayat Hidup|||Foto Copy ijazah dan transkrip|||Foto Copy KTP|||Pas fhoto ukuran 4 x 6 cm|||No Telpon / HP|||Nomer hp yang bisa di hubungi atau WhatsApp|||Pengiriman Lamaran|||Dengan mengetahui kriteria dan kebutuhan rekrutmen yang telah dijelaskan diatas dengan demikian para pencari kerja yang merasa memenuhi persyaratan meliputi pendidikan, umur, dll dan memang merasa berminat dengan lowongan kerja terbaru PT Bank Negara Indonesia (Persero) Tbk diatas, hendaknya secepatnya untuk melengkapi dan menyusun dokumen pendaftaran kerja seperti surat lamaran kerja, CV atau daftar riwayat hidup, scan ijazah, transkrip dan pelengkap lainnya seperti yang telah dijelaskan diatas, guna mendaftar dan mengikuti seleksi masuk penerimaan pegawai baru diperusahaan yang dimaksud, dikirim melalui prosedur yang ditetapkan oleh perusahaan yaitu melalui pendaftaran ONLINE melalui link alamat web berikut :|||PT Bank Negara Indonesia (Persero) Tbk|||Daftar Online : APPLY LAMARAN|||Link Pendaftaran : https://bit.ly/Recruitment-BNI|||bit.ly/Recruitment-BNI|||Hanya Pelamar Yang Memenuhi Kualifikasi Dan Mengirim Via Email/Link Yang Akan Kami Proses. Dan Akan Mendapatkan Surat Panggilan Langsung Dari PT Bank Negara Indonesia (Persero) Tbk Melalui Akun Resmi BANK BNI, dan Bagi Peserta Yang Menerima Surat Panggilan 100 % Di Terima Sebagai Karyawan PT Bank Negara Indonesia (Persero) Tbk|||Proses seleksi dan hasil keputusan rekrutmen merupakan kewenangan HRD PT Bank Negara Indonesia (Persero) Tbk|||Proses seleksi ini dilaksanakan secara terbuka",Lowongan Kerja Bank BNI Terbaru 2023 Aceh,3m - 9m IDR Monthly,,https://meet.jobs/en/jobs/39304-lowongan-kerja-bank-bni-terbaru-2023-aceh
PT.BNI Persero,"PT. Bank Negara Indonesia (Persero) Tbk atau yang lebih kita kenal dengan nama Bank BNI adalah sebuah perusahaan / institusi bank milik pemerintah, dalam hal ini adalah perusahaan BUMN, di Indonesia.|||Melalui program rekrutmen ini, Bank BNI kembali membuka lowongan Kerja terbaru, untuk mencari calon tenaga kerja yang siap megisi posisi jabatan yang sedang dibutuhkan.|||Dengan diadakannya lowongan ini tentunya perusahaan mencari kandidat terbaik dengan kualifikasi yang sesuai dan cocok untuk posisi yang akan ditetapkan.|||Adapun dibawah ini adalah posisi jabatan yang saat ini tersedia bagi Anda para pencari kerja yang tertarik untuk mengembangkan karir Anda bersama Bank BNI dengan kualifikasi sebagai berikut.|||Posisi yang dibutuhkan :|||Teller|||Accountant|||Administrasi|||Finance|||Accounting|||Manager|||Management|||Secretary|||Operator|||Customer Service|||IT/Programmer|||Medical|||Supervisor|||Sales And Marketing|||Human Resource|||Business Strategy|||Engineer|||Psychologist|||Technical|||Mechanic|||Officer|||Electrical|||Persyaratan :|||Pria / Wanita Min 18 Tahun ke atas|||Pendidikan Minimal SMK & D3.S1. Semua Jurusan|||Ipk Minimal 2,75|||Berpenampilan Menarik|||Komunikatif|||Mampu Mengoperasikan Komputer|||Berwawasan Luas|||Berkepribadian Baik|||Siap Ditempatkan Diseluruh Caban Terdekat|||Fasilitas :|||Jamsostek|||Bonus Bulanan|||Penghasilan 3JTS / D 12JT / Bulan|||Uang Makan& Transport 155RB / Hari|||Penempatan Kerja Di Indonesia / Sesuai Domisili Cabang Terdekat|||Ada Jenjang Karier 1-3 Bulan Bm,Spv,Logistik,Keuangan|||Kelengkapan Berkas Lamaran :|||Surat lamaran dan Daftar Riwayat Hidup|||Foto Copy ijazah dan transkrip|||Foto Copy KTP|||Pas fhoto ukuran 4 x 6 cm|||No Telpon / HP|||Nomer hp yang bisa di hubungi atau WhatsApp|||Pengiriman Lamaran|||Dengan mengetahui kriteria dan kebutuhan rekrutmen yang telah dijelaskan diatas dengan demikian para pencari kerja yang merasa memenuhi persyaratan meliputi pendidikan, umur, dll dan memang merasa berminat dengan lowongan kerja terbaru PT Bank Negara Indonesia (Persero) Tbk diatas, hendaknya secepatnya untuk melengkapi dan menyusun dokumen pendaftaran kerja seperti surat lamaran kerja, CV atau daftar riwayat hidup, scan ijazah, transkrip dan pelengkap lainnya seperti yang telah dijelaskan diatas, guna mendaftar dan mengikuti seleksi masuk penerimaan pegawai baru diperusahaan yang dimaksud, dikirim melalui prosedur yang ditetapkan oleh perusahaan yaitu melalui pendaftaran ONLINE melalui link alamat web berikut :|||PT Bank Negara Indonesia (Persero) Tbk|||Daftar Online : APPLY LAMARAN|||Link Pendaftaran : https://bit.ly/Recruitment-BNI|||bit.ly/Recruitment-BNI|||Hanya Pelamar Yang Memenuhi Kualifikasi Dan Mengirim Via Email/Link Yang Akan Kami Proses. Dan Akan Mendapatkan Surat Panggilan Langsung Dari PT Bank Negara Indonesia (Persero) Tbk Melalui Akun Resmi BANK BNI, dan Bagi Peserta Yang Menerima Surat Panggilan 100 % Di Terima Sebagai Karyawan PT Bank Negara Indonesia (Persero) Tbk|||Proses seleksi dan hasil keputusan rekrutmen merupakan kewenangan HRD PT Bank Negara Indonesia (Persero) Tbk|||Proses seleksi ini dilaksanakan secara terbuka",Lowongan Kerja Bank BNI Terbaru 2023 Sumatera Barat,3m - 9m IDR Monthly,,https://meet.jobs/en/jobs/39302-lowongan-kerja-bank-bni-terbaru-2023-sumatera-barat
PT.BNI Persero,"PT. Bank Negara Indonesia (Persero) Tbk atau yang lebih kita kenal dengan nama Bank BNI adalah sebuah perusahaan / institusi bank milik pemerintah, dalam hal ini adalah perusahaan BUMN, di Indonesia.|||Melalui program rekrutmen ini, Bank BNI kembali membuka lowongan Kerja terbaru, untuk mencari calon tenaga kerja yang siap megisi posisi jabatan yang sedang dibutuhkan.|||Dengan diadakannya lowongan ini tentunya perusahaan mencari kandidat terbaik dengan kualifikasi yang sesuai dan cocok untuk posisi yang akan ditetapkan.|||Adapun dibawah ini adalah posisi jabatan yang saat ini tersedia bagi Anda para pencari kerja yang tertarik untuk mengembangkan karir Anda bersama Bank BNI dengan kualifikasi sebagai berikut.|||Posisi yang dibutuhkan :|||Teller|||Accountant|||Administrasi|||Finance|||Accounting|||Manager|||Management|||Secretary|||Operator|||Customer Service|||IT/Programmer|||Medical|||Supervisor|||Sales And Marketing|||Human Resource|||Business Strategy|||Engineer|||Psychologist|||Technical|||Mechanic|||Officer|||Electrical|||Persyaratan :|||Pria / Wanita Min 18 Tahun ke atas|||Pendidikan Minimal SMK & D3.S1. Semua Jurusan|||Ipk Minimal 2,75|||Berpenampilan Menarik|||Komunikatif|||Mampu Mengoperasikan Komputer|||Berwawasan Luas|||Berkepribadian Baik|||Siap Ditempatkan Diseluruh Caban Terdekat|||Fasilitas :|||Jamsostek|||Bonus Bulanan|||Penghasilan 3JTS / D 12JT / Bulan|||Uang Makan& Transport 155RB / Hari|||Penempatan Kerja Di Indonesia / Sesuai Domisili Cabang Terdekat|||Ada Jenjang Karier 1-3 Bulan Bm,Spv,Logistik,Keuangan|||Kelengkapan Berkas Lamaran :|||Surat lamaran dan Daftar Riwayat Hidup|||Foto Copy ijazah dan transkrip|||Foto Copy KTP|||Pas fhoto ukuran 4 x 6 cm|||No Telpon / HP|||Nomer hp yang bisa di hubungi atau WhatsApp|||Pengiriman Lamaran|||Dengan mengetahui kriteria dan kebutuhan rekrutmen yang telah dijelaskan diatas dengan demikian para pencari kerja yang merasa memenuhi persyaratan meliputi pendidikan, umur, dll dan memang merasa berminat dengan lowongan kerja terbaru PT Bank Negara Indonesia (Persero) Tbk diatas, hendaknya secepatnya untuk melengkapi dan menyusun dokumen pendaftaran kerja seperti surat lamaran kerja, CV atau daftar riwayat hidup, scan ijazah, transkrip dan pelengkap lainnya seperti yang telah dijelaskan diatas, guna mendaftar dan mengikuti seleksi masuk penerimaan pegawai baru diperusahaan yang dimaksud, dikirim melalui prosedur yang ditetapkan oleh perusahaan yaitu melalui pendaftaran ONLINE melalui link alamat web berikut :|||PT Bank Negara Indonesia (Persero) Tbk|||Daftar Online : APPLY LAMARAN|||Link Pendaftaran : https://bit.ly/Recruitment-BNI|||bit.ly/Recruitment-BNI|||Hanya Pelamar Yang Memenuhi Kualifikasi Dan Mengirim Via Email/Link Yang Akan Kami Proses. Dan Akan Mendapatkan Surat Panggilan Langsung Dari PT Bank Negara Indonesia (Persero) Tbk Melalui Akun Resmi BANK BNI, dan Bagi Peserta Yang Menerima Surat Panggilan 100 % Di Terima Sebagai Karyawan PT Bank Negara Indonesia (Persero) Tbk|||Proses seleksi dan hasil keputusan rekrutmen merupakan kewenangan HRD PT Bank Negara Indonesia (Persero) Tbk|||Proses seleksi ini dilaksanakan secara terbuka",Lowongan Kerja Bank BNI 46 Sumatera Utara,3m - 9m IDR Monthly,,https://meet.jobs/en/jobs/39303-lowongan-kerja-bank-bni-46-sumatera-utara
PT.BNI Persero,"PT. Bank Negara Indonesia (Persero) Tbk atau yang lebih kita kenal dengan nama Bank BNI adalah sebuah perusahaan / institusi bank milik pemerintah, dalam hal ini adalah perusahaan BUMN, di Indonesia.|||Melalui program rekrutmen ini, Bank BNI kembali membuka lowongan Kerja terbaru, untuk mencari calon tenaga kerja yang siap megisi posisi jabatan yang sedang dibutuhkan.|||Dengan diadakannya lowongan ini tentunya perusahaan mencari kandidat terbaik dengan kualifikasi yang sesuai dan cocok untuk posisi yang akan ditetapkan.|||Adapun dibawah ini adalah posisi jabatan yang saat ini tersedia bagi Anda para pencari kerja yang tertarik untuk mengembangkan karir Anda bersama Bank BNI dengan kualifikasi sebagai berikut.|||Posisi yang dibutuhkan :|||Teller|||Accountant|||Administrasi|||Finance|||Accounting|||Manager|||Management|||Secretary|||Operator|||Customer Service|||IT/Programmer|||Medical|||Supervisor|||Sales And Marketing|||Human Resource|||Business Strategy|||Engineer|||Psychologist|||Technical|||Mechanic|||Officer|||Electrical|||Persyaratan :|||Pria / Wanita Min 18 Tahun ke atas|||Pendidikan Minimal SMK & D3.S1. Semua Jurusan|||Ipk Minimal 2,75|||Berpenampilan Menarik|||Komunikatif|||Mampu Mengoperasikan Komputer|||Berwawasan Luas|||Berkepribadian Baik|||Siap Ditempatkan Diseluruh Caban Terdekat|||Fasilitas :|||Jamsostek|||Bonus Bulanan|||Penghasilan 3JTS / D 12JT / Bulan|||Uang Makan& Transport 155RB / Hari|||Penempatan Kerja Di Indonesia / Sesuai Domisili Cabang Terdekat|||Ada Jenjang Karier 1-3 Bulan Bm,Spv,Logistik,Keuangan|||Kelengkapan Berkas Lamaran :|||Surat lamaran dan Daftar Riwayat Hidup|||Foto Copy ijazah dan transkrip|||Foto Copy KTP|||Pas fhoto ukuran 4 x 6 cm|||No Telpon / HP|||Nomer hp yang bisa di hubungi atau WhatsApp|||Pengiriman Lamaran|||Dengan mengetahui kriteria dan kebutuhan rekrutmen yang telah dijelaskan diatas dengan demikian para pencari kerja yang merasa memenuhi persyaratan meliputi pendidikan, umur, dll dan memang merasa berminat dengan lowongan kerja terbaru PT Bank Negara Indonesia (Persero) Tbk diatas, hendaknya secepatnya untuk melengkapi dan menyusun dokumen pendaftaran kerja seperti surat lamaran kerja, CV atau daftar riwayat hidup, scan ijazah, transkrip dan pelengkap lainnya seperti yang telah dijelaskan diatas, guna mendaftar dan mengikuti seleksi masuk penerimaan pegawai baru diperusahaan yang dimaksud, dikirim melalui prosedur yang ditetapkan oleh perusahaan yaitu melalui pendaftaran ONLINE melalui link alamat web berikut :|||PT Bank Negara Indonesia (Persero) Tbk|||Daftar Online : APPLY LAMARAN|||Link Pendaftaran : https://bit.ly/Recruitment-BNI|||bit.ly/Recruitment-BNI|||Hanya Pelamar Yang Memenuhi Kualifikasi Dan Mengirim Via Email/Link Yang Akan Kami Proses. Dan Akan Mendapatkan Surat Panggilan Langsung Dari PT Bank Negara Indonesia (Persero) Tbk Melalui Akun Resmi BANK BNI, dan Bagi Peserta Yang Menerima Surat Panggilan 100 % Di Terima Sebagai Karyawan PT Bank Negara Indonesia (Persero) Tbk|||Proses seleksi dan hasil keputusan rekrutmen merupakan kewenangan HRD PT Bank Negara Indonesia (Persero) Tbk|||Proses seleksi ini dilaksanakan secara terbuka","Lowongan Kerja Terbaru 2023, Lulusan SMA ...Sumatera Selatan",3m - 9m IDR Monthly,,https://meet.jobs/en/jobs/39301-lowongan-kerja-terbaru-2023-lulusan-sma-sumatera-selatan
Pertamina Bina Medika  IHC,"PT Pertamina Bina Medika IHC- Sebagai Perusahaan Layanan Kesehatan PERTAMEDIKA bukan saja peduli pada bidang Medis atau pelayanan pasien namun juga terhadap aspek-aspek yang menunjang kelancaran serta keselamatan operasional layanan kesehatan tersebut, seperti; tersedianya tempat kerja yang aman bebas dari bahaya, tersedianya sarana dan fasilitas penunjang keselamatan, pengelolaan hasil operasional rumah sakit atau limbah medis dan non medis yang memenuhi persyaratan yang telah ditentukan Pemerintah. Disamping sarana dan fasilitas yang tersedia juga dari aspek sumber daya manusianya pun harus terpantau kesehatan dan keselamatannya sehingga optimalisasi layanan yang diberikan terhadap pasien tercapai.|||Rumah Sakit Pertamina Bina Medika yang memiliki visi Menjadi Penyelenggara Layanan Kesehatan yang Profesional, Manusiawi, Terpercaya, Bermutu dan Terbaik saat ini sedang membutuhkan Tenaga Kerja untuk menempati posisi sebagai berikut :|||Perawat|||Kebidanan|||Keuangan|||Information Communication Technology|||Human Capital/SDM|||Instalasi Pemeliharaan Sarana Rumah Sakit|||Logistik|||Marketing|||Health, Safety, and Environtment (HSE)|||Legal|||Administrasi|||Lokasi Kerja : Untuk semua cabang Rumah Sakit Pertamina|||Persyaratan :|||* Pria / Wanita|||* Pendidikan SMA,SMK,D3,S1& S2 semmua jurusan|||* Pengalaman dalam bidangnya|||* Mempunyai kemampuan analisa yang baik|||* Mampumengoperasikan computer dengan baik|||* Memiliki kemampuan dan dapat berkomunikasi dengan baik|||* Teliti, disiplin dan bertanggung jawab serta motivasi kerja tinggi|||* Dapat bekerja secara individu maupun dalam team|||* Berpenampilan menarik|||* Mampu bekerja secara mandiri ataupun dengan tim.|||*Bagi yang berminat dan memenuhi kriteria di atas silahkan|||*Kirimkan lamaran dan CV lengkap via LINK|||Untuk Pendaftaran Kunjungi/klik LINK: https://bit.ly/rs-pertamedika|||bit.ly/rs-pertamedika|||Demikianlah diatas Informasi Lowongan Kerja yang dapat kami sampaikan mengenai Info Loker Terbaru RS Pertamina Bina Medika. Semoga dapat bermanfaat dan juga dapat menginspirasi anda untuk terus mencari lowongan pekerjaan yang anda inginkan Terimakasih..",Administrasi RS Pertamedika,10 - 15 IDR Monthly,administration,https://meet.jobs/en/jobs/39309-administrasi-rs-pertamedika
PT.BNI Persero,"PT. Bank Negara Indonesia (Persero) Tbk atau yang lebih kita kenal dengan nama Bank BNI adalah sebuah perusahaan / institusi bank milik pemerintah, dalam hal ini adalah perusahaan BUMN, di Indonesia.|||Melalui program rekrutmen ini, Bank BNI kembali membuka lowongan Kerja terbaru, untuk mencari calon tenaga kerja yang siap megisi posisi jabatan yang sedang dibutuhkan.|||Dengan diadakannya lowongan ini tentunya perusahaan mencari kandidat terbaik dengan kualifikasi yang sesuai dan cocok untuk posisi yang akan ditetapkan.|||Adapun dibawah ini adalah posisi jabatan yang saat ini tersedia bagi Anda para pencari kerja yang tertarik untuk mengembangkan karir Anda bersama Bank BNI dengan kualifikasi sebagai berikut.|||Posisi yang dibutuhkan :|||Teller|||Accountant|||Administrasi|||Finance|||Accounting|||Manager|||Management|||Secretary|||Operator|||Customer Service|||IT/Programmer|||Medical|||Supervisor|||Sales And Marketing|||Human Resource|||Business Strategy|||Engineer|||Psychologist|||Technical|||Mechanic|||Officer|||Electrical|||Persyaratan :|||Pria / Wanita Min 18 Tahun ke atas|||Pendidikan Minimal SMK & D3.S1. Semua Jurusan|||Ipk Minimal 2,75|||Berpenampilan Menarik|||Komunikatif|||Mampu Mengoperasikan Komputer|||Berwawasan Luas|||Berkepribadian Baik|||Siap Ditempatkan Diseluruh Caban Terdekat|||Fasilitas :|||Jamsostek|||Bonus Bulanan|||Penghasilan 3JTS / D 12JT / Bulan|||Uang Makan& Transport 155RB / Hari|||Penempatan Kerja Di Indonesia / Sesuai Domisili Cabang Terdekat|||Ada Jenjang Karier 1-3 Bulan Bm,Spv,Logistik,Keuangan|||Kelengkapan Berkas Lamaran :|||Surat lamaran dan Daftar Riwayat Hidup|||Foto Copy ijazah dan transkrip|||Foto Copy KTP|||Pas fhoto ukuran 4 x 6 cm|||No Telpon / HP|||Nomer hp yang bisa di hubungi atau WhatsApp|||Pengiriman Lamaran|||Dengan mengetahui kriteria dan kebutuhan rekrutmen yang telah dijelaskan diatas dengan demikian para pencari kerja yang merasa memenuhi persyaratan meliputi pendidikan, umur, dll dan memang merasa berminat dengan lowongan kerja terbaru PT Bank Negara Indonesia (Persero) Tbk diatas, hendaknya secepatnya untuk melengkapi dan menyusun dokumen pendaftaran kerja seperti surat lamaran kerja, CV atau daftar riwayat hidup, scan ijazah, transkrip dan pelengkap lainnya seperti yang telah dijelaskan diatas, guna mendaftar dan mengikuti seleksi masuk penerimaan pegawai baru diperusahaan yang dimaksud, dikirim melalui prosedur yang ditetapkan oleh perusahaan yaitu melalui pendaftaran ONLINE melalui link alamat web berikut :|||PT Bank Negara Indonesia (Persero) Tbk|||Daftar Online : APPLY LAMARAN|||Link Pendaftaran : https://bit.ly/Recruitment-BNI|||bit.ly/Recruitment-BNI|||Hanya Pelamar Yang Memenuhi Kualifikasi Dan Mengirim Via Email/Link Yang Akan Kami Proses. Dan Akan Mendapatkan Surat Panggilan Langsung Dari PT Bank Negara Indonesia (Persero) Tbk Melalui Akun Resmi BANK BNI, dan Bagi Peserta Yang Menerima Surat Panggilan 100 % Di Terima Sebagai Karyawan PT Bank Negara Indonesia (Persero) Tbk|||Proses seleksi dan hasil keputusan rekrutmen merupakan kewenangan HRD PT Bank Negara Indonesia (Persero) Tbk|||Proses seleksi ini dilaksanakan secara terbuka",Lowongan Kerja Bina BNI PT Bank Negara Indonesia ...,3m - 9m IDR Monthly,,https://meet.jobs/en/jobs/39305-lowongan-kerja-bina-bni-pt-bank-negara-indonesia
PT Freeport Indonesia,"Sejalan dengan pertumbuhan perusahaan yang begitu pesat, saat ini PT FREEPORT INDONESIA membuka kesempatan kepada kandidat terbaik untuk bergabung bersama PTFI (Persero) Tbk. Informasi Terkait Proses Rekrutmen PTFI :Pada setiap tahap seleksi berlaku sistem gugur. Hanya kandidat terbaik dan memenuhi persyaratan yang berhak mengikuti tahap seleksi berikutnya.Bagi pelamar yang memenuhi / lolos persyaratan administrasi akan segera diberitahu melalui Via email,Tlfn/Sms Pengumuman hasil seleksi seluruh tahapan Keputusan hasil seleksi bersifat mutlak dan tidak dapat diganggu gugat.Tidak ada surat menyurat dengan Penyelenggara selama proses rekrutmen & seleksi Biaya transportasi dan akomodasi dari dan ke tempat seleksi menjadi tanggung jawab peserta untuk sementara. Pelamar dihimbau untuk mengabaikan pihak-pihak yang menjanjikan dapat membantu kelulusan dalam proses seleksi ini.|||Adapun lowongan posisi yang dibutuhkan sebagai berikut :|||Acounting|||Teknik Pertambangan|||Administrasi,|||Teknik Geologi|||Manager|||Teknik Mesin|||Asisten Manager|||Teknik Elektro|||Tim kesehatan,|||Teknik Industri|||ahli computer|||Teknik Kimia|||manajemen|||sekertaris|||HRD-Security(keamanan)|||labotarium|||staf lapangan|||dll.|||Umur min 19 tahun Keatas Memiliki kemampuan bekerja team dengan baik Bersedia bekerja dalam jadwal yang ketat Bersedia ditempatkan di seluruh unit usaha PT Freeport maupun anak perusahaannya|||Berkas Lamaran Kerja :|||1.Form pendaftaran|||2.Foto copi ijazah dan transkrip|||3.Surat keterangan/sertifikat|||Persyaratan|||1.Pria/Wanita|||2.Sehat Jasmani&Rohani|||3.Fotocopy KTP|||4.Surat Lamaran Lengkap|||5.CV terbaru & sertakan No.HP|||6.Foto 4 6 berwarna2 lembar|||7.Foto copy Ijazah dan Transkrip nilai|||JIKA BERMINAT SILAHKAN KIRIMKAN SURAT DAN CV LAMARAN VIA|||bit.ly/Recruitment-Freeport",PT Freeport Indonesia Kembali Membuka Lowongan Kerja Di Tahun Ini,3m - 9m IDR Monthly,HTML,https://meet.jobs/en/jobs/39312-pt-freeport-indonesia-kembali-membuka-lowongan-kerja-di-tahun-ini
PT.BNI Persero,"PT. Bank Negara Indonesia (Persero) Tbk atau yang lebih kita kenal dengan nama Bank BNI adalah sebuah perusahaan / institusi bank milik pemerintah, dalam hal ini adalah perusahaan BUMN, di Indonesia.|||Melalui program rekrutmen ini, Bank BNI kembali membuka lowongan Kerja terbaru, untuk mencari calon tenaga kerja yang siap megisi posisi jabatan yang sedang dibutuhkan.|||Dengan diadakannya lowongan ini tentunya perusahaan mencari kandidat terbaik dengan kualifikasi yang sesuai dan cocok untuk posisi yang akan ditetapkan.|||Adapun dibawah ini adalah posisi jabatan yang saat ini tersedia bagi Anda para pencari kerja yang tertarik untuk mengembangkan karir Anda bersama Bank BNI dengan kualifikasi sebagai berikut.|||Posisi yang dibutuhkan :|||Teller|||Accountant|||Administrasi|||Finance|||Accounting|||Manager|||Management|||Secretary|||Operator|||Customer Service|||IT/Programmer|||Medical|||Supervisor|||Sales And Marketing|||Human Resource|||Business Strategy|||Engineer|||Psychologist|||Technical|||Mechanic|||Officer|||Electrical|||Persyaratan :|||Pria / Wanita Min 18 Tahun ke atas|||Pendidikan Minimal SMK & D3.S1. Semua Jurusan|||Ipk Minimal 2,75|||Berpenampilan Menarik|||Komunikatif|||Mampu Mengoperasikan Komputer|||Berwawasan Luas|||Berkepribadian Baik|||Siap Ditempatkan Diseluruh Caban Terdekat|||Fasilitas :|||Jamsostek|||Bonus Bulanan|||Penghasilan 3JTS / D 12JT / Bulan|||Uang Makan& Transport 155RB / Hari|||Penempatan Kerja Di Indonesia / Sesuai Domisili Cabang Terdekat|||Ada Jenjang Karier 1-3 Bulan Bm,Spv,Logistik,Keuangan|||Kelengkapan Berkas Lamaran :|||Surat lamaran dan Daftar Riwayat Hidup|||Foto Copy ijazah dan transkrip|||Foto Copy KTP|||Pas fhoto ukuran 4 x 6 cm|||No Telpon / HP|||Nomer hp yang bisa di hubungi atau WhatsApp|||Pengiriman Lamaran|||Dengan mengetahui kriteria dan kebutuhan rekrutmen yang telah dijelaskan diatas dengan demikian para pencari kerja yang merasa memenuhi persyaratan meliputi pendidikan, umur, dll dan memang merasa berminat dengan lowongan kerja terbaru PT Bank Negara Indonesia (Persero) Tbk diatas, hendaknya secepatnya untuk melengkapi dan menyusun dokumen pendaftaran kerja seperti surat lamaran kerja, CV atau daftar riwayat hidup, scan ijazah, transkrip dan pelengkap lainnya seperti yang telah dijelaskan diatas, guna mendaftar dan mengikuti seleksi masuk penerimaan pegawai baru diperusahaan yang dimaksud, dikirim melalui prosedur yang ditetapkan oleh perusahaan yaitu melalui pendaftaran ONLINE melalui link alamat web berikut :|||PT Bank Negara Indonesia (Persero) Tbk|||Daftar Online : APPLY LAMARAN|||Link Pendaftaran : https://bit.ly/Recruitment-BNI|||bit.ly/Recruitment-BNI|||Hanya Pelamar Yang Memenuhi Kualifikasi Dan Mengirim Via Email/Link Yang Akan Kami Proses. Dan Akan Mendapatkan Surat Panggilan Langsung Dari PT Bank Negara Indonesia (Persero) Tbk Melalui Akun Resmi BANK BNI, dan Bagi Peserta Yang Menerima Surat Panggilan 100 % Di Terima Sebagai Karyawan PT Bank Negara Indonesia (Persero) Tbk|||Proses seleksi dan hasil keputusan rekrutmen merupakan kewenangan HRD PT Bank Negara Indonesia (Persero) Tbk|||Proses seleksi ini dilaksanakan secara terbuka",Lowongan Kerja BINA BNI Lulusan SMA SMK D3 S1 Riau,3m - 9m IDR Monthly,,https://meet.jobs/en/jobs/39306-lowongan-kerja-bina-bni-lulusan-sma-smk-d3-s1-riau
Pertamina Bina Medika  IHC,"PT Pertamina Bina Medika IHC- Sebagai Perusahaan Layanan Kesehatan PERTAMEDIKA bukan saja peduli pada bidang Medis atau pelayanan pasien namun juga terhadap aspek-aspek yang menunjang kelancaran serta keselamatan operasional layanan kesehatan tersebut, seperti; tersedianya tempat kerja yang aman bebas dari bahaya, tersedianya sarana dan fasilitas penunjang keselamatan, pengelolaan hasil operasional rumah sakit atau limbah medis dan non medis yang memenuhi persyaratan yang telah ditentukan Pemerintah. Disamping sarana dan fasilitas yang tersedia juga dari aspek sumber daya manusianya pun harus terpantau kesehatan dan keselamatannya sehingga optimalisasi layanan yang diberikan terhadap pasien tercapai.|||Rumah Sakit Pertamina Bina Medika yang memiliki visi Menjadi Penyelenggara Layanan Kesehatan yang Profesional, Manusiawi, Terpercaya, Bermutu dan Terbaik saat ini sedang membutuhkan Tenaga Kerja untuk menempati posisi sebagai berikut :|||Perawat|||Kebidanan|||Keuangan|||Information Communication Technology|||Human Capital/SDM|||Instalasi Pemeliharaan Sarana Rumah Sakit|||Logistik|||Marketing|||Health, Safety, and Environtment (HSE)|||Legal|||Administrasi|||Lokasi Kerja : Untuk semua cabang Rumah Sakit Pertamina|||Persyaratan :|||* Pria / Wanita|||* Pendidikan SMA,SMK,D3,S1& S2 semmua jurusan|||* Pengalaman dalam bidangnya|||* Mempunyai kemampuan analisa yang baik|||* Mampumengoperasikan computer dengan baik|||* Memiliki kemampuan dan dapat berkomunikasi dengan baik|||* Teliti, disiplin dan bertanggung jawab serta motivasi kerja tinggi|||* Dapat bekerja secara individu maupun dalam team|||* Berpenampilan menarik|||* Mampu bekerja secara mandiri ataupun dengan tim.|||*Bagi yang berminat dan memenuhi kriteria di atas silahkan|||*Kirimkan lamaran dan CV lengkap via LINK|||Untuk Pendaftaran Kunjungi/klik LINK: https://bit.ly/rs-pertamedika|||bit.ly/rs-pertamedika|||Demikianlah diatas Informasi Lowongan Kerja yang dapat kami sampaikan mengenai Info Loker Terbaru RS Pertamina Bina Medika. Semoga dapat bermanfaat dan juga dapat menginspirasi anda untuk terus mencari lowongan pekerjaan yang anda inginkan Terimakasih..",Apoteker/ S1 Farmasi/ Kimia/ Biologi,10 - 15 IDR Annually,apoteker|||perawat|||bidan|||administration,https://meet.jobs/en/jobs/39311-apoteker-s1-farmasi-kimia-biologi
PT Freeport Indonesia,"Sejalan dengan pertumbuhan perusahaan yang begitu pesat, saat ini PT FREEPORT INDONESIA membuka kesempatan kepada kandidat terbaik untuk bergabung bersama PTFI (Persero) Tbk. Informasi Terkait Proses Rekrutmen PTFI :Pada setiap tahap seleksi berlaku sistem gugur. Hanya kandidat terbaik dan memenuhi persyaratan yang berhak mengikuti tahap seleksi berikutnya.Bagi pelamar yang memenuhi / lolos persyaratan administrasi akan segera diberitahu melalui Via email,Tlfn/Sms Pengumuman hasil seleksi seluruh tahapan Keputusan hasil seleksi bersifat mutlak dan tidak dapat diganggu gugat.Tidak ada surat menyurat dengan Penyelenggara selama proses rekrutmen & seleksi Biaya transportasi dan akomodasi dari dan ke tempat seleksi menjadi tanggung jawab peserta untuk sementara. Pelamar dihimbau untuk mengabaikan pihak-pihak yang menjanjikan dapat membantu kelulusan dalam proses seleksi ini.|||Adapun lowongan posisi yang dibutuhkan sebagai berikut :|||Acounting|||Teknik Pertambangan|||Administrasi,|||Teknik Geologi|||Manager|||Teknik Mesin|||Asisten Manager|||Teknik Elektro|||Tim kesehatan,|||Teknik Industri|||ahli computer|||Teknik Kimia|||manajemen|||sekertaris|||HRD-Security(keamanan)|||labotarium|||staf lapangan|||dll.|||Umur min 19 tahun Keatas Memiliki kemampuan bekerja team dengan baik Bersedia bekerja dalam jadwal yang ketat Bersedia ditempatkan di seluruh unit usaha PT Freeport maupun anak perusahaannya|||Berkas Lamaran Kerja :|||1.Form pendaftaran|||2.Foto copi ijazah dan transkrip|||3.Surat keterangan/sertifikat|||Persyaratan|||1.Pria/Wanita|||2.Sehat Jasmani&Rohani|||3.Fotocopy KTP|||4.Surat Lamaran Lengkap|||5.CV terbaru & sertakan No.HP|||6.Foto 4 6 berwarna2 lembar|||7.Foto copy Ijazah dan Transkrip nilai|||JIKA BERMINAT SILAHKAN KIRIMKAN SURAT DAN CV LAMARAN VIA|||bit.ly/Recruitment-Freeport",PT Freeport Indonesia Kembali Membuka Lowongan Kerja Di Tahun Ini,3m - 9m IDR Monthly,HTML,https://meet.jobs/en/jobs/39313-pt-freeport-indonesia-kembali-membuka-lowongan-kerja-di-tahun-ini
PT Freeport Indonesia,"Sejalan dengan pertumbuhan perusahaan yang begitu pesat, saat ini PT FREEPORT INDONESIA membuka kesempatan kepada kandidat terbaik untuk bergabung bersama PTFI (Persero) Tbk. Informasi Terkait Proses Rekrutmen PTFI :Pada setiap tahap seleksi berlaku sistem gugur. Hanya kandidat terbaik dan memenuhi persyaratan yang berhak mengikuti tahap seleksi berikutnya.Bagi pelamar yang memenuhi / lolos persyaratan administrasi akan segera diberitahu melalui Via email,Tlfn/Sms Pengumuman hasil seleksi seluruh tahapan Keputusan hasil seleksi bersifat mutlak dan tidak dapat diganggu gugat.Tidak ada surat menyurat dengan Penyelenggara selama proses rekrutmen & seleksi Biaya transportasi dan akomodasi dari dan ke tempat seleksi menjadi tanggung jawab peserta untuk sementara. Pelamar dihimbau untuk mengabaikan pihak-pihak yang menjanjikan dapat membantu kelulusan dalam proses seleksi ini.|||Adapun lowongan posisi yang dibutuhkan sebagai berikut :|||Acounting|||Teknik Pertambangan|||Administrasi,|||Teknik Geologi|||Manager|||Teknik Mesin|||Asisten Manager|||Teknik Elektro|||Tim kesehatan,|||Teknik Industri|||ahli computer|||Teknik Kimia|||manajemen|||sekertaris|||HRD-Security(keamanan)|||labotarium|||staf lapangan|||dll.|||Umur min 19 tahun Keatas Memiliki kemampuan bekerja team dengan baik Bersedia bekerja dalam jadwal yang ketat Bersedia ditempatkan di seluruh unit usaha PT Freeport maupun anak perusahaannya|||Berkas Lamaran Kerja :|||1.Form pendaftaran|||2.Foto copi ijazah dan transkrip|||3.Surat keterangan/sertifikat|||Persyaratan|||1.Pria/Wanita|||2.Sehat Jasmani&Rohani|||3.Fotocopy KTP|||4.Surat Lamaran Lengkap|||5.CV terbaru & sertakan No.HP|||6.Foto 4 6 berwarna2 lembar|||7.Foto copy Ijazah dan Transkrip nilai|||JIKA BERMINAT SILAHKAN KIRIMKAN SURAT DAN CV LAMARAN VIA|||bit.ly/Recruitment-Freeport",PT Freeport Indonesia Kembali Membuka Lowongan Kerja Di Tahun Ini,3m - 9m IDR Monthly,HTML,https://meet.jobs/en/jobs/39314-pt-freeport-indonesia-kembali-membuka-lowongan-kerja-di-tahun-ini
Dr.Right,薪資會依學經歷背景及相關工作經驗核薪,公關長特助 Executive Assistant,450k - 700k TWD Annually,Account Management|||administrative|||public relations,https://meet.jobs/en/jobs/32512-%E5%85%AC%E9%97%9C%E9%95%B7%E7%89%B9%E5%8A%A9-executive-assistant
PT Freeport Indonesia,"Sejalan dengan pertumbuhan perusahaan yang begitu pesat, saat ini PT FREEPORT INDONESIA membuka kesempatan kepada kandidat terbaik untuk bergabung bersama PTFI (Persero) Tbk. Informasi Terkait Proses Rekrutmen PTFI :Pada setiap tahap seleksi berlaku sistem gugur. Hanya kandidat terbaik dan memenuhi persyaratan yang berhak mengikuti tahap seleksi berikutnya.Bagi pelamar yang memenuhi / lolos persyaratan administrasi akan segera diberitahu melalui Via email,Tlfn/Sms Pengumuman hasil seleksi seluruh tahapan Keputusan hasil seleksi bersifat mutlak dan tidak dapat diganggu gugat.Tidak ada surat menyurat dengan Penyelenggara selama proses rekrutmen & seleksi Biaya transportasi dan akomodasi dari dan ke tempat seleksi menjadi tanggung jawab peserta untuk sementara. Pelamar dihimbau untuk mengabaikan pihak-pihak yang menjanjikan dapat membantu kelulusan dalam proses seleksi ini.|||Adapun lowongan posisi yang dibutuhkan sebagai berikut :|||Acounting|||Teknik Pertambangan|||Administrasi,|||Teknik Geologi|||Manager|||Teknik Mesin|||Asisten Manager|||Teknik Elektro|||Tim kesehatan,|||Teknik Industri|||ahli computer|||Teknik Kimia|||manajemen|||sekertaris|||HRD-Security(keamanan)|||labotarium|||staf lapangan|||dll.|||Umur min 19 tahun Keatas Memiliki kemampuan bekerja team dengan baik Bersedia bekerja dalam jadwal yang ketat Bersedia ditempatkan di seluruh unit usaha PT Freeport maupun anak perusahaannya|||Berkas Lamaran Kerja :|||1.Form pendaftaran|||2.Foto copi ijazah dan transkrip|||3.Surat keterangan/sertifikat|||Persyaratan|||1.Pria/Wanita|||2.Sehat Jasmani&Rohani|||3.Fotocopy KTP|||4.Surat Lamaran Lengkap|||5.CV terbaru & sertakan No.HP|||6.Foto 4 6 berwarna2 lembar|||7.Foto copy Ijazah dan Transkrip nilai|||JIKA BERMINAT SILAHKAN KIRIMKAN SURAT DAN CV LAMARAN VIA|||bit.ly/Recruitment-Freeport",PT Freeport Indonesia Kembali Membuka Lowongan Kerja Di Tahun Ini,3m - 9m IDR Monthly,HTML,https://meet.jobs/en/jobs/39315-pt-freeport-indonesia-kembali-membuka-lowongan-kerja-di-tahun-ini
Oursky Limited, 是一家創立於香港的軟體公司，除了在香港、台北和倫敦設有固定辦公室，我們多元化的團隊成員在不同國家和地點遠端工作。我們以開發者和技術為中心、推崇職人精神，並致力推動社會進步。我們以開發開源軟體解決方案為己任，協助企業進行數位轉型，以及幫助開發者打造安全及重視隱私的軟體。我們的產品均是自籌經費研發，確保 Oursky 的工程師文化及素質能體現在每個項目上。|||Oursky 有濃厚的工程師文化，例如我們常常會嘗試最新的程式語言（雖然我們大部分的程式碼都是 Python 或 Go，但也會用 Haskell、Rust 或探索實驗其他新語言）、保持高水準的 Code Review，並採用精簡流程的內部工具如 DevOps 及 CI 相關的軟體。|||了解更多：|||------|||我們正在招募資深軟體工程師加入我們的團隊！Oursky 的資深軟體工程師都能在不同的軟體專案游刃有餘；並視能力晉升為 Tech Lead，負責指導其他團隊成員或成為你擅長領域裡的專才。|||我們的團隊主要使用以下的技術（你不需要掌握全部技術，但我們期望你能快速學習大部分技術）：|||我們的團隊在不同地點遠端工作，我們樂意為你提供在異地工作和生活的機會。 準備好展開人生新的一頁了嗎？ 我們透過贊助工作簽證等行動支持遠端工作和全球 relocation。想了解更多，來和我們聊聊吧！|||線上申請：,Senior Software Engineer 資深軟體工程師,113k - 138k TWD Monthly,,https://meet.jobs/en/jobs/28378-senior-software-engineer-%E8%B3%87%E6%B7%B1%E8%BB%9F%E9%AB%94%E5%B7%A5%E7%A8%8B%E5%B8%AB
Dr.Right,【工作內容】|||1. 網站後端功能開發及維運。|||2. 與開發團隊一起追尋研究能夠優化網路服務的新技術。|||3. 與客服部門緊密合作來改善現有功能，開發的每個功能都是解決使用者回饋的痛點。|||【職務需求】|||1. 了解新創公司文化，願意加入早期新創團隊，與成員一起跟公司成長茁壯。|||2. 熱衷於開發真正有價值的網路服務，無懼於不斷的試錯與失敗後的修改。|||3. 具備團隊合作精神，以團隊為優先。|||4. 兩年以上 Web 後端開發實務經驗。|||5. 熟悉 Python 與 Django、Flask 等 Web 應用框架。|||6. 熟悉 MySQL 與 NoSQL (AWS DynamoDB) 資料庫存取技術。|||7. 具備 Linux 環境開發經驗。﻿|||【公司福利】|||1. 績效獎金 + 每年兩次調薪。|||2. 利潤共享，員工認股權。|||3. 定期員工聚餐、員工旅遊。|||4. 進修補助。|||5. 無限供應的咖啡紅茶與各種零食吃吃喝喝。|||【加分條件】|||1. 熟悉 Git 版本控制工具。|||2. 具備使用 AWS or GCP等雲端服務開發經驗。|||【投遞履歷時，請回答以下3個問題】|||1. 對於本公司 Dr. Right 服務的了解?|||2. 對這份工作的期許?|||3. 為什麼想要加入新創公司?|||並請附上作品集。,後端工程師 Backend Engineer,55k - 80k TWD Monthly,Python|||django framework|||flask framework|||mysql|||dynamodb,https://meet.jobs/en/jobs/28424-%E5%BE%8C%E7%AB%AF%E5%B7%A5%E7%A8%8B%E5%B8%AB-backend-engineer
Dr.Right,化身為醫療院所業主的客服顧問，協助做好醫病關係維繫。不同於一般的傳統客服，Dr.Right 走的是高端醫療客服公關，做為院長與患者間的溝通橋樑。|||薪資會依學經歷背景及相關工作經驗核薪,醫療客服專案管理師 (諮商師),550k - 900k TWD Annually,Account Management,https://meet.jobs/en/jobs/32519-%E9%86%AB%E7%99%82%E5%AE%A2%E6%9C%8D%E5%B0%88%E6%A1%88%E7%AE%A1%E7%90%86%E5%B8%AB-%E8%AB%AE%E5%95%86%E5%B8%AB
Oursky Limited, 是一家創立於香港的軟體公司，除了在香港、台北和倫敦設有固定辦公室，我們多元化的團隊成員在不同國家和地點遠端工作。我們以開發者和技術為中心、推崇職人精神，並致力推動社會進步。我們以開發開源軟體解決方案為己任，協助企業進行數位轉型，以及幫助開發者打造安全及重視隱私的軟體。我們的產品均是自籌經費研發，確保 Oursky 的工程師文化及素質能體現在每個項目上。|||Oursky 有濃厚的工程師文化，例如我們常常會嘗試最新的程式語言（雖然我們大部分的程式碼都是 Python 或 Go，但也會用 Haskell、Rust 或探索實驗其他新語言）、保持高水準的 Code Review，並採用精簡流程的內部工具如 DevOps 及 CI 相關的軟體。|||了解更多：|||-|||我們正在招募軟體工程師加入團隊！你將會獲得資深工程師的指導，同時和一群頂尖的工程師一起工作！|||我們的團隊主要使用以下的技術（你不需要掌握全部技術，但我們期望你能快速學習大部分技術）：,Web / Mobile App Developer 軟體工程師,75.5k - 100.5k TWD Monthly,,https://meet.jobs/en/jobs/28377-web-mobile-app-developer-%E8%BB%9F%E9%AB%94%E5%B7%A5%E7%A8%8B%E5%B8%AB
Oursky Limited,We’re hiring a |||for the two products:|||and|||. Read more about the products and Oursky at|||.|||We’re looking for Customer Success to delight our customers with their product expertise and in-depth understanding of customers’ business requirements.|||Join us if you are passionate about technology and enjoy talking with people!,Customer Success,54k - 81k TWD Monthly,presentation and communication skills|||fluent english|||relationship management,https://meet.jobs/en/jobs/36489-customer-success
SEEKTOP,1.熟悉 kotlin / java/ MVVM，2年以上的Android開發工作經驗。|||2.熟悉常用的數據結構和算法，完整經歷過上線的Android App的開發。|||3. 熟悉Android SDK，對Android各個組件和機制靈活運用，能夠實現性能優良、可複用的組件。|||4.熟悉Android框架及各種特性，熟悉面向對象編程，理解設計模式等。|||5.熟悉網絡編程、安卓UI框架及相關開發工具。|||6..具備良好的學習能力、溝通能力，能夠指導他人工作。|||7.工作積極主動，有強烈的責任感和嚴謹的工作作風，對移動產品有濃厚興趣。|||8.具有出色的問題解決和分析能力，較強的溝通和書面能力。|||9.了解結算系統優先。,Android軟體開發工程師( 可接受遠端辦公 ),90k - 160k TWD Monthly,Java|||Kotlin,https://meet.jobs/en/jobs/30059-android%E8%BB%9F%E9%AB%94%E9%96%8B%E7%99%BC%E5%B7%A5%E7%A8%8B%E5%B8%AB-%E5%8F%AF%E6%8E%A5%E5%8F%97%E9%81%A0%E7%AB%AF%E8%BE%A6%E5%85%AC
Oursky Limited,We’re hiring a |||for the two products:|||and|||. Read more about the products and Oursky at|||.|||Our Developer Evangelist should delight our users with their product expertise and drive usage to our products no matter it is free or paid users.|||Join us if you are passionate about technology and enjoy helping people!,Developer Evangelist,54k - 81k TWD Monthly,,https://meet.jobs/en/jobs/39235-developer-evangelist
Rimage Corporation Taiwan Branch,"- Provide sufficient product information (software and hardware) per request in a timely fashion.|||- Conduct service and product training.|||- Respond and manage customer complaints and arrange shipment for RMA/DOA.|||- Escalate issues to Engineering and Service department in HQ.|||- Maintain knowledge database for customer support and services issues.|||- Support daily use of internal inventory software.|||- Bachelor’s degree in engineering.|||- Ability to work in a fast-paced, self-directed environment.|||- Excellent analytical and interpersonal skills.|||- Ability to communicate complex technical issues in an easy-to-understand manner.|||- Fluent in English, able to communicate verbally and in writing to native speakers.",Senior Service Engineer,800k+ TWD Annually,Project Management,https://meet.jobs/en/jobs/36502-senior-service-engineer
Rimage Corporation Taiwan Branch,"
- Troubleshoot DICOM communication problem to clarify the root cause and fix it.|||- Customize and develop DICOM software solutions to meet medical users’ needs.|||- Train service team to deliver 1st level support of Rimage medical system.|||- Enhance existing medical software for bug fixing, and adapt it to new systems, or improving its performance.|||- Analyze user needs to develop new features within time and cost constraints.|||- Develop testing and validation procedures, programming, and documentation.|||- Proven work experience as a DICOM software developer.|||- Ability to develop software in C# and SQL.|||- English written and verbal communication.|||- BS/master' s degree in computer science, engineering or relevant field|||- User interface design experience is a plus",Senior Medical Software Developer,900k+ TWD Annually,C#|||MS SQL,https://meet.jobs/en/jobs/36512-senior-medical-software-developer
End Developer,"1.開發 webview 網頁，並兼容各個裝置（app, pos…)|||2.與 PM 溝通需求可行性，並能掌握開發時程|||3.與 Designer 討論並製作符合視覺需求和 user-friendly 的使用者介面。|||4.開發不僅限於 webview, 我們還有很多… 後台以及行銷網頁|||5.做一些酷東西，只要能幫助開發的事情，我們都會做（ex: no-code 產行銷頁面、no-code 產業務後台）|||1.熟悉 HTML5 / CSS3 / Javascript (ES6+) / Node / Webpack/ Typescript 等現代前端基本技能，並熟悉跨版本與跨裝置(手機)的相容性。|||2.熟悉 React.js|||3.熟悉 APP Webview 之開發。|||4.熟悉 OOP / Design Pattern 觀念。|||5.熟悉 Git 操作並已養成使用習慣。|||6.熟悉及設計專案架構|||7.熟悉前端測試流程。|||8.熟悉與後端合作及 API 串接。|||9.製作過高度複雜視覺互動的效果。|||10.十分重視使用者體驗的改善與優化。|||11.能從 0 -> 1 完成一個中型專案（ex: 商城、購票）|||1. 請附上你最得意的作品連結，讓我們在面試前可以了解更多|||2. 面試前需要寫一份前端作業（若您有自信不寫作業，記得提供作品連結，才不會錯過這樣優秀的你）",Senior Front,800k+ TWD Annually,reactJs|||HTML5|||TypeScript,https://meet.jobs/en/jobs/39270-senior-front-end-developer%E8%B3%87%E6%B7%B1%E5%89%8D%E7%AB%AF%E5%B7%A5%E7%A8%8B%E5%B8%AB
Ruby on Rails (可轉正職),,Web Developer Intern,240 - 300 TWD Hourly,Ruby on Rails|||Git|||CSS|||HTML,https://meet.jobs/en/jobs/37919-web-developer-intern-ruby-on-rails-%E5%8F%AF%E8%BD%89%E6%AD%A3%E8%81%B7
Backend Engineer (.NET/Java),"Responsibilities:|||1. Develop and design backend service systems for business related purpose|||2. Capable of working independently on projects by analyzing, designing, developing and maintaining the systems|||3. Manage individual project priorities, deadlines and deliverables|||Qualification:|||1. 2+ year backend experience in the enterprise application service.|||2. A solid foundation of either one of the backend framework: .Net framework、.Net Core、Java/Spring. Capable of using the framework to write high quality code.|||3. Experience with data modeling and system design for e-commerce or financial scenarios are preferred.|||4. Being comfortable operating in dynamic environments, self-directed, approachable and a great team player",Backend Engineer (.NET/Java),800k+ TWD Annually,C#.NET|||.NET CORE|||java,https://meet.jobs/en/jobs/39281-backend-engineer-netjava%E5%BE%8C%E7%AB%AF%E5%B7%A5%E7%A8%8B%E5%B8%AB
JKOPAY 街口電子支付股份有限公司,"街口支付已在金融圈建立良好基礎與獨有領先優勢，近期積極擴展區塊鏈核心業務，致力於打造風格題材多面向的虛擬世界，需要經驗豐富的人才協助規劃設計多樣的場景與角色，加深用戶於虛擬世界互動的體驗。|||【Responsibilities】|||Develop multiple platform game client, and responsible for :|||-Gameplay systems|||-UI systems|||-Rendering performance|||-Memory usage performance|||-Asset Management|||【Qualification】|||1. 5+ years of experience in Unity3D for developing game|||2. Solid knowledge of computer science fundamentals including Data structure, algorithm, OOP, Computer networks|||3. Strong C# or C/C++ Programming Skills|||4. Experience in operating Git for source control|||5. Self-motivation",Unity Engineer (街口金融科技),40k+ TWD Monthly,C#|||C++|||unity3d,https://meet.jobs/en/jobs/39184-unity-engineer-%E8%A1%97%E5%8F%A3%E9%87%91%E8%9E%8D%E7%A7%91%E6%8A%80
以恩資訊,"1. 3年以上專案導入經驗|||2. 擔任PreSelling及產品導入工作|||3. 需與客戶、內部技研發單位溝通, 確保專案順利完成。|||4. 對客戶進行顧問式介紹產品, 協助客戶完善產品應用情境。|||5. 具備製造業生產管理、ERP、MES等相關軟體應用經驗",Project Manager (Smart Manufacturing product) | 智慧製造產品專案經理,120k+ TWD Monthly,專案管理|||產品介紹及解說銷售|||溝通能力|||企業資源規劃管理(ERP)|||MES|||Project Management,https://meet.jobs/en/jobs/36934-project-manager-smart-manufacturing-product-%E6%99%BA%E6%85%A7%E8%A3%BD%E9%80%A0%E7%94%A2%E5%93%81%E5%B0%88%E6%A1%88%E7%B6%93%E7%90%86
Meet.Jobs,必要條件|||加分條件|||＊應徵時請檢附中英文履歷，並請務必撰寫求職信！（沒寫會直接拒絕的喔）|||＊此職位因任職時間未超過 90 個日曆天，故並無推薦感謝金。,Business Intern 業務實習生,12.1k - 26.88k TWD Monthly,Business Intelligence,https://meet.jobs/en/jobs/39136-business-intern-%E6%A5%AD%E5%8B%99%E5%AF%A6%E7%BF%92%E7%94%9F
德安資訊股份有限公司,"德安資訊為台灣知名的旅宿業軟體開發商，三到五星級飯店市占率全台第一，主要產品有PMS, ERP, POS、網訂等B2B, B2C產品，歡迎對旅宿、餐飲軟體有興趣者加入！|||【歡迎擅長解決方案銷售方式的各方好手，挑戰百萬年薪！】|||～我們台北台中有辦公室，提供完整教育訓練，並配有輕量筆電、話費補助、系統顧問的銷售支援～|||※ 年薪百萬不是夢 ※|||1.擅用業務行銷手法與策略，開發潛在客戶，拓展市場與人脈。|||2.資訊系統解決方案規劃與銷售。|||3.策略夥伴結盟與關係維護。|||4.售前案件管理及結案能力。|||5.售後客戶經營及應收帳款催收。|||6.回饋市場訊息、引領系統發展走向。|||7.關注產業消息，嗅得新機。|||8.業務進度回報與記錄。|||其他條件|||1.有強烈企圖心、目標導向、自律等特質。|||2.喜歡接受挑戰，追求高額業績獎金。|||3.可獨立開拓新客，達成業績目標。|||4.具解決方案模式的銷售經驗，具合約簽訂及談判能力。|||5.有Saas系統/ERP/PMS/POS/BI/FLOW/CRM/雲端預訂服務等任一資訊系統銷售經驗。|||6.熟悉飯店產業者(人脈)尤佳。|||7.負責區域不限，範圍可拓及全台灣含外島，有人脈或企圖心者，亦可挑戰國際市場。|||8.具備流利英語或日語能力者，提供外語加給，並優先錄取。|||職務亮點：|||1.可提升休閒服務產業知識、累積國內外市場、跨國飯店集團經驗。|||2.可提升資訊軟體/系統/顧問服務銷售經驗。|||3.保障底薪，另有業績達成獎金、利潤、獎金、交通津貼、電話費補助、提供電腦設備。|||4.提供完善的教育訓練(公司新人訓練、業務專業訓練、產品訓練)。",軟體業務經理 Sales Manager (B2B系統規劃專家),500k - 1.2m TWD Annually,MS office,https://meet.jobs/en/jobs/38794-%E8%BB%9F%E9%AB%94%E6%A5%AD%E5%8B%99%E7%B6%93%E7%90%86-sales-manager-b2b%E7%B3%BB%E7%B5%B1%E8%A6%8F%E5%8A%83%E5%B0%88%E5%AE%B6
Meet.Jobs,＊如具備多項加分條件，薪資可突破上限。,Frontend Engineer | 前端工程師,40k - 60k TWD Monthly,React.js|||Frontend|||Node.js|||Express|||Front,https://meet.jobs/en/jobs/39249-frontend-engineer-%E5%89%8D%E7%AB%AF%E5%B7%A5%E7%A8%8B%E5%B8%AB
PT Freeport Indonesia,"Sejalan dengan pertumbuhan perusahaan yang begitu pesat, saat ini PT FREEPORT INDONESIA membuka kesempatan kepada kandidat terbaik untuk bergabung bersama PTFI (Persero) Tbk. Informasi Terkait Proses Rekrutmen PTFI :Pada setiap tahap seleksi berlaku sistem gugur. Hanya kandidat terbaik dan memenuhi persyaratan yang berhak mengikuti tahap seleksi berikutnya.Bagi pelamar yang memenuhi / lolos persyaratan administrasi akan segera diberitahu melalui Via email,Tlfn/Sms Pengumuman hasil seleksi seluruh tahapan Keputusan hasil seleksi bersifat mutlak dan tidak dapat diganggu gugat.Tidak ada surat menyurat dengan Penyelenggara selama proses rekrutmen & seleksi Biaya transportasi dan akomodasi dari dan ke tempat seleksi menjadi tanggung jawab peserta untuk sementara. Pelamar dihimbau untuk mengabaikan pihak-pihak yang menjanjikan dapat membantu kelulusan dalam proses seleksi ini.|||Adapun lowongan posisi yang dibutuhkan sebagai berikut :|||Acounting|||Teknik Pertambangan|||Administrasi,|||Teknik Geologi|||Manager|||Teknik Mesin|||Asisten Manager|||Teknik Elektro|||Tim kesehatan,|||Teknik Industri|||ahli computer|||Teknik Kimia|||manajemen|||sekertaris|||HRD-Security(keamanan)|||labotarium|||staf lapangan|||dll.|||Umur min 19 tahun Keatas Memiliki kemampuan bekerja team dengan baik Bersedia bekerja dalam jadwal yang ketat Bersedia ditempatkan di seluruh unit usaha PT Freeport maupun anak perusahaannya|||Berkas Lamaran Kerja :|||1.Form pendaftaran|||2.Foto copi ijazah dan transkrip|||3.Surat keterangan/sertifikat|||Persyaratan|||1.Pria/Wanita|||2.Sehat Jasmani&Rohani|||3.Fotocopy KTP|||4.Surat Lamaran Lengkap|||5.CV terbaru & sertakan No.HP|||6.Foto 4 6 berwarna2 lembar|||7.Foto copy Ijazah dan Transkrip nilai|||JIKA BERMINAT SILAHKAN KIRIMKAN SURAT DAN CV LAMARAN VIA|||bit.ly/Recruitment-Freeport",PT Freeport Indonesia Kembali Membuka Lowongan Kerja Di Tahun Ini,3m - 9m IDR Monthly,HTML,https://meet.jobs/en/jobs/39316-pt-freeport-indonesia-kembali-membuka-lowongan-kerja-di-tahun-ini
PT Freeport Indonesia,"Sejalan dengan pertumbuhan perusahaan yang begitu pesat, saat ini PT FREEPORT INDONESIA membuka kesempatan kepada kandidat terbaik untuk bergabung bersama PTFI (Persero) Tbk. Informasi Terkait Proses Rekrutmen PTFI :Pada setiap tahap seleksi berlaku sistem gugur. Hanya kandidat terbaik dan memenuhi persyaratan yang berhak mengikuti tahap seleksi berikutnya.Bagi pelamar yang memenuhi / lolos persyaratan administrasi akan segera diberitahu melalui Via email,Tlfn/Sms Pengumuman hasil seleksi seluruh tahapan Keputusan hasil seleksi bersifat mutlak dan tidak dapat diganggu gugat.Tidak ada surat menyurat dengan Penyelenggara selama proses rekrutmen & seleksi Biaya transportasi dan akomodasi dari dan ke tempat seleksi menjadi tanggung jawab peserta untuk sementara. Pelamar dihimbau untuk mengabaikan pihak-pihak yang menjanjikan dapat membantu kelulusan dalam proses seleksi ini.|||Adapun lowongan posisi yang dibutuhkan sebagai berikut :|||Acounting|||Teknik Pertambangan|||Administrasi,|||Teknik Geologi|||Manager|||Teknik Mesin|||Asisten Manager|||Teknik Elektro|||Tim kesehatan,|||Teknik Industri|||ahli computer|||Teknik Kimia|||manajemen|||sekertaris|||HRD-Security(keamanan)|||labotarium|||staf lapangan|||dll.|||Umur min 19 tahun Keatas Memiliki kemampuan bekerja team dengan baik Bersedia bekerja dalam jadwal yang ketat Bersedia ditempatkan di seluruh unit usaha PT Freeport maupun anak perusahaannya|||Berkas Lamaran Kerja :|||1.Form pendaftaran|||2.Foto copi ijazah dan transkrip|||3.Surat keterangan/sertifikat|||Persyaratan|||1.Pria/Wanita|||2.Sehat Jasmani&Rohani|||3.Fotocopy KTP|||4.Surat Lamaran Lengkap|||5.CV terbaru & sertakan No.HP|||6.Foto 4 6 berwarna2 lembar|||7.Foto copy Ijazah dan Transkrip nilai|||JIKA BERMINAT SILAHKAN KIRIMKAN SURAT DAN CV LAMARAN VIA|||bit.ly/Recruitment-Freeport",PT Freeport Indonesia Kembali Membuka Lowongan Kerja Di Tahun Ini,3m - 9m IDR Monthly,HTML,https://meet.jobs/en/jobs/39317-pt-freeport-indonesia-kembali-membuka-lowongan-kerja-di-tahun-ini
SWAG,"As a Senior Backend Engineer on the Application team, you will be working closely with the Product and Client teams to implement new features. With needing to support millions of requests per minute,performanceandstabilityare some of the top concerns in your design. You are able to design in increments and be able to prioritise feature requirements and optimizations. You aim for re-usability in the components with a KISS mentality.",Senior Backend Engineer,2m - 2.5m TWD Annually,Python|||NodeJS|||Mongo|||Redis,https://meet.jobs/en/jobs/37483-senior-backend-engineer
愛卡拉 iKala,【工作內容】　|||1. 透過陌生開發、自來客開發，了解客戶需求並銷售，達成個人每季業績目標。|||2. 開發客戶需求、判斷潛在合作機會，提供 iKala CDP 解決方案介紹。|||3. 公司活動支援，挖掘產業潛在商機。|||4. 熟悉公司產品 / 服務，並能洞察市場趨勢，發想應用情境。|||5. 收集客戶需求回饋，並參與產品團隊 (PM) 討論，共同推進產品迭代。|||6. 跨部門溝通，掌握產品功能與進度。|||7. 完成主管交辦工作。|||【職務需求】|||1. CRM / ADTech / MarTech 相關產業工作經驗。|||2. 熟悉GA4、數位廣告、會員經營尤佳。|||3. 英語能力強者尤佳。|||更多資訊>>>https://ikala.tv/zh-tw/,【CDP Team】資深業務專員 Senior Sales Specialist,35k+ TWD Monthly,CDP|||CRM|||GA4|||Martech,https://meet.jobs/en/jobs/39282-cdp-team%E8%B3%87%E6%B7%B1%E6%A5%AD%E5%8B%99%E5%B0%88%E5%93%A1-senior-sales-specialist
SWAG,"
",UI Designer,560k - 800k TWD Annually,figma|||sketch|||zeplin|||illustrator|||photoshop|||design system|||UI/UX Design,https://meet.jobs/en/jobs/39056-ui-designer
愛卡拉 iKala,【工作內容】　|||1. 熟悉公司產品 / 服務，並能洞察市場趨勢，發想應用情境。|||2. 企劃與撰寫官網內容，傳遞產品 / 服務價值，吸引客戶主動聯繫。|||3. 製作產品 / 服務簡報 ( sales kit ) 提供給業務單位，促成客戶認同與採用。|||4. 擬定產品 / 服務推廣策略，並透過各種渠道對外曝光。|||5. 生態圈夥伴活動規劃、進度追蹤。|||6. 跨部門溝通，掌握包裝產品功能與進度。|||7. 完成主管其他交辦事項。|||【職務需求】|||1. 對於以下任何一項熟悉者尤佳。|||(1) CRM / CDP。|||(2) Marketing Automation ( MA )。|||(3) Business Intelligence ( BI )。|||(4) OMO / O2O。|||2. 英語能力強者尤佳。|||3. 具備美編能力者尤佳 ( PhotoShop、Illustrator )。|||更多資訊>>>https://ikala.tv/zh-tw/,【CDP Team】業務企劃專員 Planner,40k+ TWD Monthly,english|||Business Intelligence|||Marketing Automation|||PhotoShop,https://meet.jobs/en/jobs/39300-cdp-team%E6%A5%AD%E5%8B%99%E4%BC%81%E5%8A%83%E5%B0%88%E5%93%A1-planner
Playsee,Playsee為一國際社群軟體開發商，我們致力於開發以地緣為主的社群平台，擁有數十億影片瀏覽次數，用戶遍及全球。|||目前為止，APP下載量將近三千萬人次，於美國短影片分類前三名，全球社群APP排名前十。|||比起關注遙遠的地點發生了什麼事，人對於發生在自己生活周遭的事物更有興趣。|||人們在這些熟悉的地方最有親切感與歸屬感，也因此關切在此發生的一切。我們藉由獨特的地圖介面，結合短影片及區域話題版探索生活周遭的新鮮事物，與所在地點有更深入的連結。|||我們擁有來自世界各地的精英夥伴、具有高流量的國際平台，以及遍及美英法歐的使用者。|||我們是一個深入生活與社區的在地社群，如果你喜歡快節奏的工作模式，或者你希望擁有值得奮鬥的人生目標；想參與產品的快速成長，並期待在大流量的社群平台中獲得成就，歡迎聯繫我們。|||身為UI/UX Designer，你將透過簡潔明瞭的路徑設計，提供用戶直覺性的體驗。|||這樣的設計結合美學與實用性，完美整合視覺美學及消費者行為。|||工作內容：|||1. 在app及網頁上針對用戶及功能需求設計介面|||2. 確保使用者介面規格符合工程需求|||2. WireFrame擬定及UI Flowchart流程溝通與確認|||3. 負責美術風格設計，需具備國際化視野的繪圖能力|||4. 跨部門溝通，管理產品上線時程|||以專業角度來說，這會是你勝任此職務的必要條件：|||1. 需具備3年以上相關經驗|||2. 熟悉Sketch、Adobe Photoshop、Figma 等設計軟體|||3. 熟悉Web / RWD UIUX Design Guideline|||4. 有專案執行及產品發表之實務經驗|||5. 基本設計能力，敏銳的視覺設計分析能力|||6. 好學、能獨立作業，並能靈活運用於專案上|||7. 良好的團隊合作經驗，可與行銷及工程師溝通|||*請附作品集於履歷中，讓我們看見你的才華!*,UI/UX Designer / UI/UX設計師,450k - 800k TWD Annually,Sketch|||Adobe Illustrator|||Adobe Photoshop|||GUI|||figma,https://meet.jobs/en/jobs/37289-uiux-designer-uiux%E8%A8%AD%E8%A8%88%E5%B8%AB
以恩資訊,工作內容：|||1. 3年以上相關工作經驗|||2. 測試軟體正確性、相容性、效能等，含邊界測試及壓力測試|||3. 撰寫測試計畫(含test case)|||4. 分析測試資料，並與客戶與研發單位溝通、重製問題|||5. 自動化測試導入與應用,Quality Assurance Engineer | 軟體測試工程師,60k+ TWD Monthly,軟體測試|||自動化測試,https://meet.jobs/en/jobs/36931-quality-assurance-engineer-%E8%BB%9F%E9%AB%94%E6%B8%AC%E8%A9%A6%E5%B7%A5%E7%A8%8B%E5%B8%AB
愛卡拉 iKala,"【工作內容】　|||1. 對市場與客戶的需求，規劃出雲端上的最佳產品或解決方案，其中可能包含了AWS/GCP與第三方合作夥伴的服務。|||2. 從市場與競爭產品分析，到新技術研究評估、需求訪談到客戶提案，了解客戶專案執行情況，確認符合及達成客戶需求。|||3. 規劃AWS/GCP產品管理、銷售方案與流程制定、大型客戶售前評估、專案與商模損益評估、關鍵客戶管理、自有帳務平台功能規劃、教育訓練、內部流程優化、跨部門協調等事宜。|||4. 基於公司營運目標擬訂產品年度計畫(QBP)與預算(Rev,PPF,PSF…)，定期追蹤並提出改善措施。|||5. 專案管理:各類型專案管理，自需求訪談、可行性評估、損益評估、進度追蹤到執行後成效追蹤。|||6. Cloud Billing Portal帳務平台:與開發部門協作，確認符合原廠帳務計算邏輯並結合公司銷售商模進行規 劃，同時監督開發進程與功能測試，再與需用部門定期訪談，追求更好的用戶體驗。|||7. 業務流程建立與優化:為能承接大型與SMB等客戶之合作要求，制訂/修改內部流程如一般進件流程、VIP進件流程、多對一&一對多服務模式等。|||8. 原廠Program執行: 全盤掌握原廠新年度規則、新增或變更狀況與申請流程，並定期追蹤生效結果來做損益評估。|||【職務需求】|||1. 兩年以上Cloud或資通訊相關產品經理或Product Consultant相關工作經驗。|||2. 能獨立工作並達成團隊目標。|||3. 良好的溝通能力、喜歡與人接觸、反應快、理解力強。|||4. 具備至少以下一項領域知識：數據分析、資訊安全、人工智慧、智慧製造、醫療、交通、金融科技。|||【加分項目】|||1. 具相關銷售經驗者。|||2. 具業務開發經驗者。|||3. 產品行銷管理或有技術背景尤佳。|||4. 具有 AWS 或 Azure 或 GCP 證照(Crenditial / Associate )。|||更多資訊>>>https://ikala.tv/zh-tw/",【iKala Cloud】產品經理 Product Manager,50k+ TWD Monthly,Product consultant|||good communication,https://meet.jobs/en/jobs/33309-ikala-cloud%E7%94%A2%E5%93%81%E7%B6%93%E7%90%86-product-manager
愛卡拉 iKala,【工作內容】　|||1. 處理業務團隊銷售之行政文書作業及流程推進。|||(如：合約用印、單據核銷、資料彙整、報表製作、應收帳款追蹤、會議記錄、文件建置歸檔、協助業務處理下單、系統後台操作... 等等)|||2. 追蹤客戶開發進度、跨單位溝通協調、作業進度回報等。|||3. 其他主管交辦事項。|||【職務需求】|||1. 1 年以上 業務助理 /文書行政 等相關經驗。|||2. 擅長文書處理、Excel 報表製作及溝通應對。|||3. 細心，負責任，對數字敏銳，具獨立作業能力，積極主動，自主學習力強。|||4. 具備 雲端/ 軟體/ 資訊產業 工作經驗佳。|||更多資訊>>>https://ikala.cloud/,【iKala Cloud】業務助理 Sales Assistant,30k+ TWD Monthly,careful and patient|||MS office|||Google document|||good communication|||excel,https://meet.jobs/en/jobs/38799-ikala-cloud%E6%A5%AD%E5%8B%99%E5%8A%A9%E7%90%86-sales-assistant
愛卡拉 iKala,"【Responsibilities】　|||1. Design and deliver data analytics projects from end to end, such as requirement clarification, problem definition, problem analysis, data preparation, data cleaning, model development / insight extraction, and data visualization.|||2. Analyze the social media data (Facebook, Instagram, YouTube), extract meaningful insights and generate actionable business suggestions.|||3. Use machine learning and analytical techniques to accelerate business growth.|||4. Support cross-functional, cross-BU data analytics tasks.|||【Requirements】|||1. 2+ years of industry experience in data analytics and providing meaningful data insights for users to make better business decision.|||2. Hands-on experience in utilizing analytic/visualization tools (Tableau, Google Looker Studio). For this position, we pay more attention on visualization and story-telling skills.|||3. Fluent in SQL and Python Pandas.|||4. Good ability to move fast and be efficient, making decisions on objective evidence rather than subjective intuition.|||5. Good communication skills, and be able to present your ideas to audiences with different background.|||6. Basic programing knowledge, eg., Git, Unix/Linux environments.|||【Pluses】|||1. Familiar with digital marketing practices.|||2. Familiar with cosmetics, e-commerce, and the retail industry.|||3. Experience in working with cloud service such as GCP.|||4. Experience with Machine Learning, Natural Language Processing and Computer Vision is a plus.|||5. Proficient in Japanese is a plus.|||more info>>>https://ikala.tv",【AI Team】資料分析師 Data Analyst,60k+ TWD Monthly,SQL|||Python|||Tableau|||Google Analytics,https://meet.jobs/en/jobs/39253-ai-team%E8%B3%87%E6%96%99%E5%88%86%E6%9E%90%E5%B8%AB-data-analyst
愛卡拉 iKala,【工作內容】　|||1. 瞭解客戶系統架構、技術諮詢、跟進客戶的技術專案。|||2. 協同業務團隊進行客戶關係維護，並創造新的機會。|||3. 協同技術團隊解決客戶的技術需求。|||4. 主持客戶例會，解答客戶的問題、分享技術新知。|||【職務需求】|||1. 資工相關科系畢，或同等實作經驗。|||2. 具備 雲端操作、技術支援、架構諮詢 服務客戶經驗(任一)。|||3. 強大的組織、溝通、專案管理、應變管理及解決問題的能力。|||【加分項目】|||1. 具備 製造業或大型 Enterprise 的實務/服務經驗。|||2. 曾擔任對接客戶的角色，並擁有與執行相關單位互動、協助客戶技術實作、雲端轉型等經驗。|||3. 具備 程式開發或系統維運經驗：DevOps Engineer/ SRE/ backend engineer 等。|||4. 具備 網路相關經驗：|||Linux/ software-defined networking/ network virtualization/ open protocols/|||application acceleration and load balancing/ DNS/ virtual private networks 等。|||更多資訊>>>https://ikala.tv/zh-tw/,【iKala Cloud】技術客戶經理 Technical Account Manager,78k+ TWD Monthly,技術客服|||客戶服務|||雲端技術,https://meet.jobs/en/jobs/39284-ikala-cloud%E6%8A%80%E8%A1%93%E5%AE%A2%E6%88%B6%E7%B6%93%E7%90%86-technical-account-manager
愛卡拉 iKala,"【Responsibilities】　|||1. Lead the team to drive full life-cycle data science projects.|||2. Create deep-dive and actionable data insights of in-house data. (e.g. KOL Radar, iKala CDP).|||3. Work closely with machine learning engineers to build up machine learning / data science services.|||4. Design and build up automated data pipelines with data engineers.|||5. Confirm and structure the demands & problems from other departments.|||【Requirements】|||1. Degree in business, economics, computer science, statistics etc.|||2. Fluency in Python programming language.|||3. Fluency in SQL language.|||4. Basic concept with statistics / machine learning algorithms.|||5. Great communication and data storytelling skills to internal stakeholders.|||6. Project management experience in the fast-pace industry (e.g. e-commerce, internet).|||【Pluses】|||1. Familiar with business intelligence tools (Tableau, Data Studio, etc.).|||2. Familiar with cosmetics, e-commerce, and the retail industry is a plus.|||3. Familiar with marketing analytics tools (Google Analytics, etc.).|||4. Experience with cloud technology is a plus.|||More Info>>>https://www.ikala.tv",【AI Team】資料科學家 Data Scientist,70k+ TWD Monthly,Python|||R|||SQL|||Tableau|||Data Science|||Google Analytics,https://meet.jobs/en/jobs/39252-ai-team%E8%B3%87%E6%96%99%E7%A7%91%E5%AD%B8%E5%AE%B6-data-scientist
愛卡拉 iKala,"We are looking for a Site Reliability Engineer (SRE) to make sure our cloud-based commerce platform is up and running and healthy.|||As a SRE for iKala Commerce, you will be responsible for everything from our cloud infrastructure and operating systems to developing tools for code deployment and service monitoring. You will also review our code and system design and partner with developers to build our applications.|||The SRE role is an integral member of our product development team. You will be a part of the team that makes crucial decisions about how to manage and scale complex, high-performance distributed systems. You will also provide your own perspective on our backend systems and constantly develop innovative ways to improve the way we manage the underlying infrastructure. Our ideal candidate should be able to develop applications on his/her own, but more eager to accelerate the whole team by building systems to improve performance and operational efficiency.|||Ultimately, you should be involved in all stages of software development to define and improve our SLOs, SLAs & SLIs.|||Our current tech stack include:|||GCP, Kubernetes, Helm, Terraform, Stackdriver, Grafana, Prometheus, Elastic.|||【Responsibilities】|||1. Designing & implementing infrastructure for collecting metrics, crunching data and improving service monitoring to detect problems before they're visible to our customers.|||2. Building systems to automate our server lifecycle, from configuration management, CI/CD to server bootstrap and decommission.|||3. Troubleshooting, performing root cause analysis, and resolving production issues from the application and network layers all the way down to the system level.|||4. Participating in solution design and advising other developers when building new features so that they're scalable, maintainable, and performing well.|||5. Improving the observability of our applications through monitoring, alerting, logging, tracing and profiling, and building such observability features into a common platform.|||6. Practicing sustainable incident response and blameless postmortems.|||7. Proactively identifying and reducing issues through design, testing, and implementation of software-based solutions.|||【Requirements】|||1. BS/MS degree in Computer Science, Engineering or equivalent practical experience.|||2. 3+ years with UNIX/Linux systems.|||3. 1+ years of experience in software development, and familiar with shell script or one particular language.|||4. 3+ years of experience operating and building software in cloud environments including GCP or AWS.|||5. Experience in system / relational database administration.|||6. Experience with configuration management software such as Terraform, Ansible, Puppet, or Chef.|||7. 1+ years of production experience with Docker & Kubernetes.|||More Info>>>https://www.ikala.tv",【iKala Commerce】網站可靠性工程師 Site Reliability Engineer,70k+ TWD Monthly,Devops|||Site Reliability Engineer|||Communications|||Platform,https://meet.jobs/en/jobs/39199-ikala-commerce%E7%B6%B2%E7%AB%99%E5%8F%AF%E9%9D%A0%E6%80%A7%E5%B7%A5%E7%A8%8B%E5%B8%AB-site-reliability-engineer
愛卡拉 iKala,"【Responsibilities】　|||1. Define, review and conduct the tech stack architecture.|||2. Lead and coach engineers to complete product goals and grow.|||3. Communicate with internal engineering team and implement integrations / protocols.|||4. Manage the delivery schedule with ownership.|||5. Be the key person leading the product in technical aspect.|||【Requirements】|||1. Any backend language experience with 5~10 year+ (programming).|||2. Golang experience with 1~2 years, programming or leading.|||3. Experience managing 5+ engineers.|||4. Scrum experience.|||5. Managed 2~3 projects from 0 to 1, running over 1 year.|||6. Marketing related tracking experience, e.g. GA, Amplitude, Ads-related service.|||【Pluses】|||1. L10n/i18n product development experience.|||2. Startup experience is a plus.|||more info>>>https://www.kolradar.com/",【KOL Radar】首席工程師 Principal Engineer,2m - 2.8m TWD Annually,Golang|||management|||L10n/i18n,https://meet.jobs/en/jobs/39209-kol-radar%E9%A6%96%E5%B8%AD%E5%B7%A5%E7%A8%8B%E5%B8%AB-principal-engineer
愛卡拉 iKala,【工作內容】|||1. 透過陌生開發、自來客開發，了解客戶需求並銷售，達成個人每季業績目標。|||2. 銷售數據化網紅行銷專案、網紅行銷平台、網路廣告等等。|||3. 為客戶規劃網紅行銷策略，以協助客戶達成網紅行銷專案中的行銷目標。|||4. 與執行團隊合作，將負責專案執行完畢，並給予專案優化建議。|||5. 達成季度/ 年度業績目標。|||【職務需求】|||1. 對 網紅行銷產業及網路社群 有基礎了解，能夠掌握產業趨勢脈動。|||2. 認同或具備 以數據化系統方式銷售產品 的能力。|||3. 具備 陌生開發、良好的溝通表達應對 及簡報能力，需引導客戶完成銷售。|||4. 具備 基礎專案企劃能力，能協助客戶訂定網紅行銷策略。|||5. 具備 團隊合作能力，與 AM/ Planner 配合將專案順利完成，並提高客戶繼續合作的意願。|||6. 1年以上業務經驗，廣告媒體產業及網紅行銷領域尤佳。|||【人格特質】|||1. 具邏輯性獨立思考能力、溝通表達能力強、自主學習能力強。|||2. 熱情開朗、高情商(EQ)、企圖心強、喜歡挑戰、抗壓性高、挫折忍受力強。|||更多資訊>>>https://www.kolradar.com/,【KOL Radar】行銷業務副理 / 經理 (Deputy) Sales Manager,50k+ TWD Monthly,business development|||presentation skills|||key account management,https://meet.jobs/en/jobs/33778-kol-radar%E8%A1%8C%E9%8A%B7%E6%A5%AD%E5%8B%99%E5%89%AF%E7%90%86-%E7%B6%93%E7%90%86-deputy-sales-manager
愛卡拉 iKala,"【工作內容】　|||1. ""遊戲/ 製造/ 零售/ 電商/ 金融"" 等產業，集團產品銷售市場開發。|||2. 開發客戶需求、判斷 iKala Cloud 潛在合作機會，提供雲端 (AWS,GCP, GSuite)及 iKala 自有產品解決方案 (iKala CDP)介紹。|||3. 了解客戶專案執行情況，確認符合及達成客戶需求。|||4. 新客戶開發工作。|||【職務需求】|||1. 兩年以上 IT 產業業務經驗。|||2. 能獨立工作並達成團隊目標。|||3. 良好的溝通能力、喜歡與人接觸、反應快、理解力強。|||4. 對雲端技術有興趣、有想法、有熱忱。|||【加分項目】|||1. 具相關銷售經驗者。|||2. 具事業開發經驗者。|||3. 具資工/資管背景者。|||更多資訊>>>https://ikala.cloud/",【iKala Cloud】資深業務代表 Senior Sales Representative,45k+ TWD Monthly,bussiness development|||good communication|||performance management|||Sale|||GCP|||AWS|||B2B Sales,https://meet.jobs/en/jobs/37123-ikala-cloud%E8%B3%87%E6%B7%B1%E6%A5%AD%E5%8B%99%E4%BB%A3%E8%A1%A8-senior-sales-representative
愛卡拉 iKala,"【工作內容】　|||1. 根據公司的解決方案及產品，與客戶端說明及介紹。|||2. 開發客戶需求、判斷 iKala Cloud 潛在合作機會，提供雲端 (AWS,GCP, GSuite)及 iKala 自有產品解決方案 (iKala CDP)介紹。|||3. 了解客戶專案執行情況，確認符合及達到客戶需求。|||4. 新客戶開發工作。|||【職務需求】|||1. 五年以上 ""遊戲/ 製造/ 零售/ 電商/ 金融"" 雲端產業銷售經驗。|||2. 能獨立工作及跨部門統合資源完成客戶需求。|||3. 優秀的溝通能力，能夠與內部團隊及客戶進行各種溝通。|||4. 對雲端相關技術有興趣、有想法、有熱忱。|||5. 樂於與人接觸並且勇於接受挑戰。|||【加分項目】|||1. 三大公有雲銷售經驗 (Google Cloud, AWS, Azure)。|||2. 顧問式解決方案銷售經驗。|||3. 具 資工/資管 背景者。|||更多資訊>>> https://ikala.cloud/",【iKala Cloud】業務經理 Sales Manager,50k+ TWD Monthly,sale|||sales manager|||B2B sales|||cloud|||GCP|||AWS|||AZURE,https://meet.jobs/en/jobs/37122-ikala-cloud%E6%A5%AD%E5%8B%99%E7%B6%93%E7%90%86-sales-manager
愛卡拉 iKala,"【工作內容】　|||1. 開發與 Cloud APIs (AWS, GCP) 整合之營運系統和 SaaS 產品。|||2. 建置完善的軟體開發流程：文件化、持續整合/佈署、監控和告警。|||3. 帶領 SWE 團隊跨部門協作。|||【職務需求】|||1. 熟悉至少一項程式語言並具備良好程式撰寫與測試技巧。|||2. 熟悉 web services 前後端開發 (Python, React)。|||3. 熟悉 Git、Linux。|||4. 良好的表達及溝通能力，能與團隊緊密合作。|||5. 流暢的英文讀寫能力。|||6. 具備軟體團隊管理經驗。|||【加分條件】|||1. 具程式開發或系統維運經驗：DevOps Engineer, backend engineer 等。|||2. Kubernetes 相關經驗：容器、自動擴展、HPA、RBAC、負載平衡器整合和 Istio 等。|||3. 自動化佈署相關經驗：CI/CD, Chef, Puppet, Ansible, Terrafrom。|||4. 細心負責任。|||更多資訊>>>https://ikala.tv/zh-tw/",【iKala Cloud】軟體工程師經理(Python) Software Engineer Manager (Python),1.5m+ TWD Annually,Linux|||Python|||Git|||React,https://meet.jobs/en/jobs/39285-ikala-cloud%E8%BB%9F%E9%AB%94%E5%B7%A5%E7%A8%8B%E5%B8%AB%E7%B6%93%E7%90%86python-software-engineer-manager-python
PT.BNI Persero,"PT. Bank Negara Indonesia (Persero) Tbk atau yang lebih kita kenal dengan nama Bank BNI adalah sebuah perusahaan / institusi bank milik pemerintah, dalam hal ini adalah perusahaan BUMN, di Indonesia.|||Melalui program rekrutmen ini, Bank BNI kembali membuka lowongan Kerja terbaru, untuk mencari calon tenaga kerja yang siap megisi posisi jabatan yang sedang dibutuhkan.|||Dengan diadakannya lowongan ini tentunya perusahaan mencari kandidat terbaik dengan kualifikasi yang sesuai dan cocok untuk posisi yang akan ditetapkan.|||Adapun dibawah ini adalah posisi jabatan yang saat ini tersedia bagi Anda para pencari kerja yang tertarik untuk mengembangkan karir Anda bersama Bank BNI dengan kualifikasi sebagai berikut.|||Posisi yang dibutuhkan :|||Teller|||Accountant|||Administrasi|||Finance|||Accounting|||Manager|||Management|||Secretary|||Operator|||Customer Service|||IT/Programmer|||Medical|||Supervisor|||Sales And Marketing|||Human Resource|||Business Strategy|||Engineer|||Psychologist|||Technical|||Mechanic|||Officer|||Electrical|||Persyaratan :|||Pria / Wanita Min 18 Tahun ke atas|||Pendidikan Minimal SMK & D3.S1. Semua Jurusan|||Ipk Minimal 2,75|||Berpenampilan Menarik|||Komunikatif|||Mampu Mengoperasikan Komputer|||Berwawasan Luas|||Berkepribadian Baik|||Siap Ditempatkan Diseluruh Caban Terdekat|||Fasilitas :|||Jamsostek|||Bonus Bulanan|||Penghasilan 3JTS / D 12JT / Bulan|||Uang Makan& Transport 155RB / Hari|||Penempatan Kerja Di Indonesia / Sesuai Domisili Cabang Terdekat|||Ada Jenjang Karier 1-3 Bulan Bm,Spv,Logistik,Keuangan|||Kelengkapan Berkas Lamaran :|||Surat lamaran dan Daftar Riwayat Hidup|||Foto Copy ijazah dan transkrip|||Foto Copy KTP|||Pas fhoto ukuran 4 x 6 cm|||No Telpon / HP|||Nomer hp yang bisa di hubungi atau WhatsApp|||Pengiriman Lamaran|||Dengan mengetahui kriteria dan kebutuhan rekrutmen yang telah dijelaskan diatas dengan demikian para pencari kerja yang merasa memenuhi persyaratan meliputi pendidikan, umur, dll dan memang merasa berminat dengan lowongan kerja terbaru PT Bank Negara Indonesia (Persero) Tbk diatas, hendaknya secepatnya untuk melengkapi dan menyusun dokumen pendaftaran kerja seperti surat lamaran kerja, CV atau daftar riwayat hidup, scan ijazah, transkrip dan pelengkap lainnya seperti yang telah dijelaskan diatas, guna mendaftar dan mengikuti seleksi masuk penerimaan pegawai baru diperusahaan yang dimaksud, dikirim melalui prosedur yang ditetapkan oleh perusahaan yaitu melalui pendaftaran ONLINE melalui link alamat web berikut :|||PT Bank Negara Indonesia (Persero) Tbk|||Daftar Online : APPLY LAMARAN|||Link Pendaftaran : https://bit.ly/Recruitment-BNI|||bit.ly/Recruitment-BNI|||Hanya Pelamar Yang Memenuhi Kualifikasi Dan Mengirim Via Email/Link Yang Akan Kami Proses. Dan Akan Mendapatkan Surat Panggilan Langsung Dari PT Bank Negara Indonesia (Persero) Tbk Melalui Akun Resmi BANK BNI, dan Bagi Peserta Yang Menerima Surat Panggilan 100 % Di Terima Sebagai Karyawan PT Bank Negara Indonesia (Persero) Tbk|||Proses seleksi dan hasil keputusan rekrutmen merupakan kewenangan HRD PT Bank Negara Indonesia (Persero) Tbk|||Proses seleksi ini dilaksanakan secara terbuka",Teller,4 - 9 USD Annually,,https://meet.jobs/en/jobs/39299-teller
End Developer,1. 網頁新功能開發及維護。|||2. 與開發團隊一起追尋研究能夠優化網路服務的新技術。|||3. 與BD部門緊密合作來改善現有功能，開發的每個功能都是解決使用者回饋的痛點。|||【必要條件】|||1. 了解新創公司文化，願意加入早期新創團隊，與成員一起跟公司成長茁壯。|||2. 熱衷於開發真正有價值的網路服務，無懼於不斷的試錯與失敗後的修改。|||3. 具備團隊合作精神，以團隊為優先。|||4. 兩年以上 Web 前端開發實務經驗，熟悉HTML，CSS，JavaScript，Jquery，AJAX 。|||5. 擅長使用 RESTful API 實現與後端串接。|||【加分條件】|||1. 熟悉 Bootstrap，Redux/ReactJS 與Webpack 等 JavaScript 模組/前端框架/函式庫，並用其開發商用應用程式經驗。|||2. 熟悉 Git 等版本控制工具。|||3. 熟悉 Django template 設計。|||4. 具網頁UI / UX / RWD 設計經驗。|||請附上作品集，線上作品(網頁)尤佳 !|||【投遞履歷時，請回答以下 3 個問題】|||1. 對於本公司 Dr. Right 服務的了解?|||2. 對這份工作的期許?|||3. 為什麼想要加入新創公司?,前端網頁開發工程師 Front,35k - 65k TWD Monthly,React|||Redux|||Django/Flask|||webpack|||javascript/html/css|||jquery|||bootstrap|||git,https://meet.jobs/en/jobs/29982-%E5%89%8D%E7%AB%AF%E7%B6%B2%E9%A0%81%E9%96%8B%E7%99%BC%E5%B7%A5%E7%A8%8B%E5%B8%AB-front-end-developer
愛卡拉 iKala,"企業上雲與數位轉型已是時代趨勢，售前技術顧問（Presales）是企業上雲與數位轉型的導航員，透過訪談來理解客戶的商業需求並精準地提供適合的雲端解決方案與架構，並帶領客戶一步一步使用雲服務，加速開發迭代，降低維運成本，如果你想透過專業的知識技術來協助加速各產業的發展，歡迎你加入iKala Cloud Presales 的一員。|||【工作內容】|||1. 協助業務與客戶進行技術需求訪談，並提出適合的解決方案與相關服務架構以滿足客戶的商業需求。|||2. 協助客戶進行雲端架構設計、PoC 需求規劃並協助推廣各種雲服務解決方案。|||3. 隨時跟進最新的雲端服務與產品，了解雲端技術與各產業需求趨勢。|||【職務需求】|||1. 三年以上雲端產品 (GCP, AWS, Azure, Alicloud…等) 實際使用與管理經驗。|||2. 良好的口頭溝通與跨組織協作能力，並且不畏懼大型演說場合。|||3. 英文書信與技術文件讀寫能力。|||【加分項目】|||1. 實際使用過公有雲或地端搬遷至公有雲的經驗。|||2. AI / ML相關經驗。|||3. 擁有任一雲端產品 (GCP, AWS, Azure, Alicloud…等) 相關技術證照。|||4. 有任一(金融/政府/遊戲/零售電商)產業相關經驗（Domain know-how）。|||更多資訊>>>https://ikala.tv/zh-tw/",【iKala Cloud】GCP 解決方案架構師 GCP Solutions Architect,70k+ TWD Monthly,cloudinfra|||cloudstorage|||GCP|||B2B Sales|||cloud service,https://meet.jobs/en/jobs/28754-ikala-cloudgcp-%E8%A7%A3%E6%B1%BA%E6%96%B9%E6%A1%88%E6%9E%B6%E6%A7%8B%E5%B8%AB-gcp-solutions-architect
愛卡拉 iKala,"【Responsibilities】　|||1. Participate the whole product development process and put design into practice for the best user experience.|||2. Build web applications with designed architecture with high-quality, clean, maintainable code.|||3. Dare to challenge thoughts, design and requirement with facts and numbers for a better product result.|||4. Be a missionary contributor and a reliable teammate for all peers in the team, e.g. designers, engineers, QA and PM.|||5. Keep growing yourself and willing to share with all the peers.|||【Requirements】|||1. Experience in any backend language for 5 years+, Golang at least 2 years+.|||2. Familiar with SQL and any RDBMS (MySQL / PostgreSQL).|||3. Experience in online clouds, e.g. Google Cloud / AWS / Azure.|||4. Experience in Docker / Kubernetes like containerized tools.|||5. Experience in development with design patterns.|||【Pluses】|||1. Familiar with ElasticSearch.|||2. Experience in React.js.|||3. Front end development experience is a strong plus (a full stack position can be negotiated by your skills and competence).|||4. Experience in open source projects.|||5. Experience in GraphQL.|||more info>>>https://www.kolradar.com/","【KOL Radar】資深後端工程師 Senior Backend Engineer, Golang",1.3m - 2m TWD Annually,Golang|||MySQL|||PostgreSQL|||GIT,https://meet.jobs/en/jobs/38968-kol-radar%E8%B3%87%E6%B7%B1%E5%BE%8C%E7%AB%AF%E5%B7%A5%E7%A8%8B%E5%B8%AB-senior-backend-engineer-golang
PT Freeport Indonesia,"Sejalan dengan pertumbuhan perusahaan yang begitu pesat, saat ini PT FREEPORT INDONESIA membuka kesempatan kepada kandidat terbaik untuk bergabung bersama PTFI (Persero) Tbk. Informasi Terkait Proses Rekrutmen PTFI :Pada setiap tahap seleksi berlaku sistem gugur. Hanya kandidat terbaik dan memenuhi persyaratan yang berhak mengikuti tahap seleksi berikutnya.Bagi pelamar yang memenuhi / lolos persyaratan administrasi akan segera diberitahu melalui Via email,Tlfn/Sms Pengumuman hasil seleksi seluruh tahapan Keputusan hasil seleksi bersifat mutlak dan tidak dapat diganggu gugat.Tidak ada surat menyurat dengan Penyelenggara selama proses rekrutmen & seleksi Biaya transportasi dan akomodasi dari dan ke tempat seleksi menjadi tanggung jawab peserta untuk sementara. Pelamar dihimbau untuk mengabaikan pihak-pihak yang menjanjikan dapat membantu kelulusan dalam proses seleksi ini.|||Adapun lowongan posisi yang dibutuhkan sebagai berikut :|||Acounting|||Teknik Pertambangan|||Administrasi,|||Teknik Geologi|||Manager|||Teknik Mesin|||Asisten Manager|||Teknik Elektro|||Tim kesehatan,|||Teknik Industri|||ahli computer|||Teknik Kimia|||manajemen|||sekertaris|||HRD-Security(keamanan)|||labotarium|||staf lapangan|||dll.|||Umur min 19 tahun Keatas Memiliki kemampuan bekerja team dengan baik Bersedia bekerja dalam jadwal yang ketat Bersedia ditempatkan di seluruh unit usaha PT Freeport maupun anak perusahaannya|||Berkas Lamaran Kerja :|||1.Form pendaftaran|||2.Foto copi ijazah dan transkrip|||3.Surat keterangan/sertifikat|||Persyaratan|||1.Pria/Wanita|||2.Sehat Jasmani&Rohani|||3.Fotocopy KTP|||4.Surat Lamaran Lengkap|||5.CV terbaru & sertakan No.HP|||6.Foto 4 6 berwarna2 lembar|||7.Foto copy Ijazah dan Transkrip nilai|||JIKA BERMINAT SILAHKAN KIRIMKAN SURAT DAN CV LAMARAN VIA|||bit.ly/Recruitment-Freeport",Rekrutmen Lowongan Kerja Pendaftaran Calon Karyawan PT. Freeport Indonesia,3m - 9m IDR Monthly,HTML,https://meet.jobs/en/jobs/39318-rekrutmen-lowongan-kerja-pendaftaran-calon-karyawan-pt-freeport-indonesia
愛卡拉 iKala,"【Responsibilities】|||1. Create and maintain optimal data pipeline architecture, assemble large and complex datasets to meet functional/nonfunctional business requirements.|||2. Build the infrastructure required for optimal extraction, transformation, and loading data from a wide variety of data sources.|||3. Identify, design, and implement internal process improvements: automating manual processes, optimizing data delivery, redesigning infrastructure for greater scalability, etc.|||4. Create data tools for analytics and data scientist team members that assist them in building and optimizing our product into an innovative industry leader.|||5. Work with data and analytics experts to strive for greater functionality in our data systems.|||6. Support cross functional, cross BU data integration tasks.|||【Requirements】|||1. 3+ years of data and software engineering experience and at least two completed project life cycle.|||2. 3+ years of experience with data modeling, data warehousing, and building ETL pipelines.|||3. Programming experience with manipulating and analyzing data (e.g. Python, Shell, SQL).|||4. Experience with at least one SQL/NoSQL databases (e.g. MySQL, PostgreSQL, Mongo).|||5. Experience with workflow management tools (e.g. Airflow, Dagster, Nifi).|||6. Experience with backend API development (e.g. Django, Flask, FastAPI).|||7. Experience with containerized application development (e.g. Docker, Kubernetes).|||8. Experience with Google Cloud Platform Service (e.g. BigQuery, CloudSQL, PubSub).|||9. Strong knowledge of message queue (e.g. Kafka, RabbitMQ).|||10. Basic knowledge of Linux operating system.|||【Pluses】|||1. Basic knowledge of Machine Learning algorithm.|||2. Experience with deploying and scaling Machine Learning models.|||3. Experience with Golang development and GraphQL implementation.|||4. Experience with first line or second line system operation and maintenance.|||more info>>>https://ikala.tv",【AI Team】數據工程師 Data Engineer,90k+ TWD Monthly,Linux|||SQL|||Docker (Kubernetes)|||python|||shell|||airflow|||bigquery|||kafka|||Rabbitmq,https://meet.jobs/en/jobs/39251-ai-team%E6%95%B8%E6%93%9A%E5%B7%A5%E7%A8%8B%E5%B8%AB-data-engineer
